Godot Engine v4.7.2.stable.official.ed1daf0bf - https://godotengine.org

ERROR: Failed to read the root certificate store.
   at: get_system_ca_certificates (platform/windows/os_windows.cpp:2582)
ERROR: Cannot create file 'C:/Users/tsz/AppData/Local/Godot/editor_doc_cache-4.7.res'.
   at: save (core/io/resource_format_binary.cpp:2117)
ERROR: Cannot save editor help cache (C:/Users/tsz/AppData/Local/Godot/editor_doc_cache-4.7.res).
   at: _gen_doc_thread (editor/doc/editor_help.cpp:3071)
[   0% ] first_scan_filesystem | Started 项目初始化 (5 steps)
[   0% ] first_scan_filesystem | 正在扫描文件结构……
[  16% ] first_scan_filesystem | 正在加载全局类名……
[  33% ] first_scan_filesystem | 正在校验 GDExtension……
[  50% ] first_scan_filesystem | 正在创建自动加载脚本……
[  66% ] first_scan_filesystem | 正在初始化插件……
[  83% ] first_scan_filesystem | 正在启动文件扫描……
[ DONE ] first_scan_filesystem

[   0% ] update_scripts_classes | Started 正在注册全局类…… (166 steps)
[   0% ] update_scripts_classes | 
[   0% ] update_scripts_classes | 
[   1% ] update_scripts_classes | 
[   1% ] update_scripts_classes | 
[   2% ] update_scripts_classes | BattleScene
[   2% ] update_scripts_classes | CityScene
[   3% ] update_scripts_classes | BattleSim
[   4% ] update_scripts_classes | Combatant
[   4% ] update_scripts_classes | DamageCalc
[   5% ] update_scripts_classes | MonsterAI
[   5% ] update_scripts_classes | SkillSystem
[   6% ] update_scripts_classes | TableCache
[   7% ] update_scripts_classes | TraitSystem
[   7% ] update_scripts_classes | 
[   8% ] update_scripts_classes | MapScene
[   8% ] update_scripts_classes | PortGround
[   9% ] update_scripts_classes | ReturnJourneyProps
[  10% ] update_scripts_classes | SaltRoadGround
[  10% ] update_scripts_classes | 
[  11% ] update_scripts_classes | 
[  11% ] update_scripts_classes | TidalGateGround
[  12% ] update_scripts_classes | TideflatGround
[  13% ] update_scripts_classes | 
[  13% ] update_scripts_classes | 
[  14% ] update_scripts_classes | 
[  14% ] update_scripts_classes | RouteGenerator
[  15% ] update_scripts_classes | RouteScene
[  16% ] update_scripts_classes | RunState
[  16% ] update_scripts_classes | SaveData
[  17% ] update_scripts_classes | 
[  17% ] update_scripts_classes | AvatarPanel
[  18% ] update_scripts_classes | BagPanel
[  19% ] update_scripts_classes | CodexPanel
[  19% ] update_scripts_classes | CompanionPanel
[  20% ] update_scripts_classes | 
[  20% ] update_scripts_classes | DeployPanel
[  21% ] update_scripts_classes | EquipPanel
[  22% ] update_scripts_classes | ExchangePanel
[  22% ] update_scripts_classes | FishingPanel
[  23% ] update_scripts_classes | FrostContractPanel
[  23% ] update_scripts_classes | GachaPanel
[  24% ] update_scripts_classes | 
[  25% ] update_scripts_classes | 
[  25% ] update_scripts_classes | GrowthPanel
[  26% ] update_scripts_classes | 
[  26% ] update_scripts_classes | 
[  27% ] update_scripts_classes | 
[  28% ] update_scripts_classes | MountPanel
[  28% ] update_scripts_classes | 
[  29% ] update_scripts_classes | PageDeck
[  29% ] update_scripts_classes | PetRaisePanel
[  30% ] update_scripts_classes | 
[  31% ] update_scripts_classes | 
[  31% ] update_scripts_classes | RegionMapPanel
[  32% ] update_scripts_classes | RoadMailPanel
[  32% ] update_scripts_classes | SettingsPanel
[  33% ] update_scripts_classes | ShopPanel
[  34% ] update_scripts_classes | SkillBookPanel
[  34% ] update_scripts_classes | SlideCard
[  35% ] update_scripts_classes | 
[  35% ] update_scripts_classes | TalentPanel
[  36% ] update_scripts_classes | 
[  37% ] update_scripts_classes | TitlePanel
[  37% ] update_scripts_classes | TradePanel
[  38% ] update_scripts_classes | TraitPicker
[  38% ] update_scripts_classes | 
[  39% ] update_scripts_classes | 
[  40% ] update_scripts_classes | WorldPanel
[  40% ] update_scripts_classes | WorldPuzzlePanel
[  41% ] update_scripts_classes | 
[  41% ] update_scripts_classes | CampaignGear
[  42% ] update_scripts_classes | CampaignGrowth
[  43% ] update_scripts_classes | CompanionService
[  43% ] update_scripts_classes | EconomyService
[  44% ] update_scripts_classes | 
[  44% ] update_scripts_classes | FrostCityArt
[  45% ] update_scripts_classes | Inventory
[  46% ] update_scripts_classes | MentorCurriculum
[  46% ] update_scripts_classes | MonsterArt
[  47% ] update_scripts_classes | 
[  47% ] update_scripts_classes | QuestService
[  48% ] update_scripts_classes | RewardLedger
[  49% ] update_scripts_classes | RoadMailService
[  49% ] update_scripts_classes | WorldSession
[  50% ] update_scripts_classes | 
[  50% ] update_scripts_classes | 
[  51% ] update_scripts_classes | 
[  52% ] update_scripts_classes | 
[  52% ] update_scripts_classes | 
[  53% ] update_scripts_classes | 
[  53% ] update_scripts_classes | 
[  54% ] update_scripts_classes | 
[  55% ] update_scripts_classes | 
[  55% ] update_scripts_classes | 
[  56% ] update_scripts_classes | 
[  56% ] update_scripts_classes | 
[  57% ] update_scripts_classes | 
[  58% ] update_scripts_classes | 
[  58% ] update_scripts_classes | 
[  59% ] update_scripts_classes | 
[  59% ] update_scripts_classes | 
[  60% ] update_scripts_classes | 
[  61% ] update_scripts_classes | 
[  61% ] update_scripts_classes | 
[  62% ] update_scripts_classes | 
[  62% ] update_scripts_classes | 
[  63% ] update_scripts_classes | 
[  64% ] update_scripts_classes | 
[  64% ] update_scripts_classes | 
[  65% ] update_scripts_classes | 
[  65% ] update_scripts_classes | 
[  66% ] update_scripts_classes | 
[  67% ] update_scripts_classes | 
[  67% ] update_scripts_classes | 
[  68% ] update_scripts_classes | 
[  68% ] update_scripts_classes | 
[  69% ] update_scripts_classes | 
[  70% ] update_scripts_classes | 
[  70% ] update_scripts_classes | 
[  71% ] update_scripts_classes | 
[  71% ] update_scripts_classes | 
[  72% ] update_scripts_classes | 
[  73% ] update_scripts_classes | 
[  73% ] update_scripts_classes | 
[  74% ] update_scripts_classes | 
[  74% ] update_scripts_classes | 
[  75% ] update_scripts_classes | 
[  76% ] update_scripts_classes | 
[  76% ] update_scripts_classes | 
[  77% ] update_scripts_classes | 
[  77% ] update_scripts_classes | 
[  78% ] update_scripts_classes | 
[  79% ] update_scripts_classes | 
[  79% ] update_scripts_classes | 
[  80% ] update_scripts_classes | 
[  80% ] update_scripts_classes | 
[  81% ] update_scripts_classes | 
[  82% ] update_scripts_classes | 
[  82% ] update_scripts_classes | 
[  83% ] update_scripts_classes | 
[  83% ] update_scripts_classes | 
[  84% ] update_scripts_classes | 
[  85% ] update_scripts_classes | 
[  85% ] update_scripts_classes | 
[  86% ] update_scripts_classes | 
[  86% ] update_scripts_classes | 
[  87% ] update_scripts_classes | 
[  88% ] update_scripts_classes | 
[  88% ] update_scripts_classes | 
[  89% ] update_scripts_classes | 
[  89% ] update_scripts_classes | 
[  90% ] update_scripts_classes | 
[  91% ] update_scripts_classes | 
[  91% ] update_scripts_classes | 
[  92% ] update_scripts_classes | 
[  92% ] update_scripts_classes | 
[  93% ] update_scripts_classes | 
[  94% ] update_scripts_classes | 
[  94% ] update_scripts_classes | 
[  95% ] update_scripts_classes | 
[  95% ] update_scripts_classes | 
[  96% ] update_scripts_classes | 
[  97% ] update_scripts_classes | 
[  97% ] update_scripts_classes | 
[  98% ] update_scripts_classes | 
[  98% ] update_scripts_classes | 
[ DONE ] update_scripts_classes

[   0% ] _update_scan_actions | Started 正在扫描动作…… (1471 steps)
[   0% ] _update_scan_actions | altar.wav
[   0% ] _update_scan_actions | bgm_battle.ogg
[   0% ] _update_scan_actions | bgm_city.ogg
[   0% ] _update_scan_actions | bgm_home.ogg
[   0% ] _update_scan_actions | bgm_map.ogg
[   0% ] _update_scan_actions | bgm_route.ogg
[   0% ] _update_scan_actions | bgm_title.ogg
[   0% ] _update_scan_actions | boss_warn.wav
[   0% ] _update_scan_actions | coin.wav
[   0% ] _update_scan_actions | defeat.wav
[   0% ] _update_scan_actions | hit_crit.wav
[   0% ] _update_scan_actions | hit_heavy.wav
[   0% ] _update_scan_actions | hit_light.wav
[   0% ] _update_scan_actions | level_up.wav
[   0% ] _update_scan_actions | low_hp.wav
[   1% ] _update_scan_actions | mount_hoof.wav
[   1% ] _update_scan_actions | mount_toggle.wav
[   1% ] _update_scan_actions | pickup.wav
[   1% ] _update_scan_actions | reward.wav
[   1% ] _update_scan_actions | skill_cast.wav
[   1% ] _update_scan_actions | ui_cancel.wav
[   1% ] _update_scan_actions | ui_click.wav
[   1% ] _update_scan_actions | ui_close.wav
[   1% ] _update_scan_actions | ui_confirm.wav
[   1% ] _update_scan_actions | ui_locked.wav
[   1% ] _update_scan_actions | ui_open.wav
[   1% ] _update_scan_actions | ui_page.wav
[   1% ] _update_scan_actions | victory.wav
[   1% ] _update_scan_actions | NotoSansSC-Bold.otf
[   1% ] _update_scan_actions | NotoSansSC-Regular.otf
[   2% ] _update_scan_actions | NotoSerifCJKsc-SemiBold.otf
[   2% ] _update_scan_actions | ZCOOLXiaoWei-Regular.ttf
[   2% ] _update_scan_actions | pojun_anchor_source.png
[   2% ] _update_scan_actions | pojun_animation_grid_source.png
[   2% ] _update_scan_actions | pojun_icon.png
[   2% ] _update_scan_actions | pojun_spritesheet.png
[   2% ] _update_scan_actions | mon_redsand_guard.png
[   2% ] _update_scan_actions | mon_snowveil_lord.png
[   2% ] _update_scan_actions | frost_post_ground_native_v1.png
[   2% ] _update_scan_actions | shenyuan_port_ground_native_v1.png
[   2% ] _update_scan_actions | back.svg
[   2% ] _update_scan_actions | bag.svg
[   2% ] _update_scan_actions | book.svg
[   2% ] _update_scan_actions | coin.svg
[   2% ] _update_scan_actions | crown.svg
[   3% ] _update_scan_actions | door.svg
[   3% ] _update_scan_actions | exchange.svg
[   3% ] _update_scan_actions | food.svg
[   3% ] _update_scan_actions | forward.svg
[   3% ] _update_scan_actions | gem.svg
[   3% ] _update_scan_actions | growth.svg
[   3% ] _update_scan_actions | hammer.svg
[   3% ] _update_scan_actions | help.svg
[   3% ] _update_scan_actions | mount.svg
[   3% ] _update_scan_actions | paw.svg
[   3% ] _update_scan_actions | person.svg
[   3% ] _update_scan_actions | save.svg
[   3% ] _update_scan_actions | settings.svg
[   3% ] _update_scan_actions | shield.svg
[   4% ] _update_scan_actions | sound.svg
[   4% ] _update_scan_actions | spark.svg
[   4% ] _update_scan_actions | summon.svg
[   4% ] _update_scan_actions | swords.svg
[   4% ] _update_scan_actions | world.svg
[   4% ] _update_scan_actions | a1_zs_nan_anchor_source.png
[   4% ] _update_scan_actions | b_bandit_source.png
[   4% ] _update_scan_actions | f1_button_normal_source.png
[   4% ] _update_scan_actions | g_title_background_source.png
[   4% ] _update_scan_actions | h1_grass_map_anchor_source.png
[   4% ] _update_scan_actions | a1_zs_nan_anchor_512x768.png
[   4% ] _update_scan_actions | b_bandit_128x128.png
[   4% ] _update_scan_actions | f1_button_normal_480x96.png
[   4% ] _update_scan_actions | g_title_background_768x1024.png
[   4% ] _update_scan_actions | h1_grass_map_anchor_1024x640.png
[   5% ] _update_scan_actions | a1_zs_nan_anchor_v2_source.png
[   5% ] _update_scan_actions | b_bandit_v2_source.png
[   5% ] _update_scan_actions | f1_button_normal_v2_source.png
[   5% ] _update_scan_actions | g_title_background_v2_source.png
[   5% ] _update_scan_actions | h1_grass_map_anchor_v2_source.png
[   5% ] _update_scan_actions | a1_zs_nan_anchor_v2_512x768.png
[   5% ] _update_scan_actions | a1_zs_nan_anchor_v2_transparent_512x768.png
[   5% ] _update_scan_actions | b_bandit_v2_128x128.png
[   5% ] _update_scan_actions | f1_button_normal_v2_480x96.png
[   5% ] _update_scan_actions | g_title_background_v2_768x1024.png
[   5% ] _update_scan_actions | h1_grass_map_anchor_v2_1024x640.png
[   5% ] _update_scan_actions | a1_fs_nan_anchor_source.png
[   5% ] _update_scan_actions | a1_fs_nv_anchor_source.png
[   5% ] _update_scan_actions | a1_ls_nan_anchor_source.png
[   5% ] _update_scan_actions | a1_ls_nv_anchor_source.png
[   6% ] _update_scan_actions | a1_zs_nv_anchor_source.png
[   6% ] _update_scan_actions | a1_fs_nan_anchor_512x768.png
[   6% ] _update_scan_actions | a1_fs_nv_anchor_512x768.png
[   6% ] _update_scan_actions | a1_ls_nan_anchor_512x768.png
[   6% ] _update_scan_actions | a1_ls_nv_anchor_512x768.png
[   6% ] _update_scan_actions | a1_zs_nv_anchor_512x768.png
[   6% ] _update_scan_actions | a4_fs_nan_avatar_96x96.png
[   6% ] _update_scan_actions | a4_fs_nv_avatar_96x96.png
[   6% ] _update_scan_actions | a4_ls_nan_avatar_96x96.png
[   6% ] _update_scan_actions | a4_ls_nv_avatar_96x96.png
[   6% ] _update_scan_actions | a4_zs_nan_avatar_96x96.png
[   6% ] _update_scan_actions | a4_zs_nv_avatar_96x96.png
[   6% ] _update_scan_actions | a2_fs_nan_combat_source.png
[   6% ] _update_scan_actions | a2_fs_nv_combat_source.png
[   6% ] _update_scan_actions | a2_ls_nan_combat_source.png
[   7% ] _update_scan_actions | a2_ls_nv_combat_source.png
[   7% ] _update_scan_actions | a2_zs_nan_combat_source.png
[   7% ] _update_scan_actions | a2_zs_nv_combat_source.png
[   7% ] _update_scan_actions | a2_fs_nan_combat_112x124.png
[   7% ] _update_scan_actions | a2_fs_nv_combat_112x124.png
[   7% ] _update_scan_actions | a2_ls_nan_combat_112x124.png
[   7% ] _update_scan_actions | a2_ls_nv_combat_112x124.png
[   7% ] _update_scan_actions | a2_zs_nan_combat_112x124.png
[   7% ] _update_scan_actions | a2_zs_nv_combat_112x124.png
[   7% ] _update_scan_actions | a3_fs_walk_grid_source.png
[   7% ] _update_scan_actions | a3_ls_walk_grid_source.png
[   7% ] _update_scan_actions | a3_zs_walk_grid_source.png
[   7% ] _update_scan_actions | a3_fs_walk_grid_640x800.png
[   7% ] _update_scan_actions | a3_ls_walk_grid_640x800.png
[   8% ] _update_scan_actions | a3_zs_walk_grid_640x800.png
[   8% ] _update_scan_actions | f4_hp_frame_source.png
[   8% ] _update_scan_actions | f4_mp_frame_source.png
[   8% ] _update_scan_actions | f5_digits_source.png
[   8% ] _update_scan_actions | f1_button_disabled_source.png
[   8% ] _update_scan_actions | f1_button_hover_source.png
[   8% ] _update_scan_actions | f1_button_pressed_source.png
[   8% ] _update_scan_actions | f6_icon_backpack_source.png
[   8% ] _update_scan_actions | f6_icon_mail_source.png
[   8% ] _update_scan_actions | f6_icon_mount_source.png
[   8% ] _update_scan_actions | f6_icon_pet_source.png
[   8% ] _update_scan_actions | f6_icon_quest_source.png
[   8% ] _update_scan_actions | f6_icon_settings_source.png
[   8% ] _update_scan_actions | f6_icon_shop_source.png
[   8% ] _update_scan_actions | f6_icon_social_source.png
[   9% ] _update_scan_actions | f2_plaque_source.png
[   9% ] _update_scan_actions | f3_panel_parchment_source.png
[   9% ] _update_scan_actions | f3_panel_wood_source.png
[   9% ] _update_scan_actions | f4_hp_frame_480x36.png
[   9% ] _update_scan_actions | f4_mp_frame_480x36.png
[   9% ] _update_scan_actions | f5_digits_512x64.png
[   9% ] _update_scan_actions | f1_button_disabled_480x96.png
[   9% ] _update_scan_actions | f1_button_hover_480x96.png
[   9% ] _update_scan_actions | f1_button_pressed_480x96.png
[   9% ] _update_scan_actions | f6_icon_backpack_96x96.png
[   9% ] _update_scan_actions | f6_icon_mail_96x96.png
[   9% ] _update_scan_actions | f6_icon_mount_96x96.png
[   9% ] _update_scan_actions | f6_icon_pet_96x96.png
[   9% ] _update_scan_actions | f6_icon_quest_96x96.png
[   9% ] _update_scan_actions | f6_icon_settings_96x96.png
[  10% ] _update_scan_actions | f6_icon_shop_96x96.png
[  10% ] _update_scan_actions | f6_icon_social_96x96.png
[  10% ] _update_scan_actions | f2_plaque_480x128.png
[  10% ] _update_scan_actions | f3_panel_parchment_512x512.png
[  10% ] _update_scan_actions | f3_panel_wood_512x512.png
[  10% ] _update_scan_actions | e_effect_area_spell_circle_source.png
[  10% ] _update_scan_actions | e_effect_blue_ice_burst_source.png
[  10% ] _update_scan_actions | e_effect_gold_holy_slash_source.png
[  10% ] _update_scan_actions | e_effect_gold_sword_rain_source.png
[  10% ] _update_scan_actions | e_effect_green_vine_ring_source.png
[  10% ] _update_scan_actions | e_effect_purple_void_source.png
[  10% ] _update_scan_actions | e_effect_red_claw_marks_source.png
[  10% ] _update_scan_actions | e_effect_white_lightning_source.png
[  10% ] _update_scan_actions | b_monster_black_wind_chief_source.png
[  11% ] _update_scan_actions | b_monster_blood_bat_source.png
[  11% ] _update_scan_actions | b_monster_evil_wolf_source.png
[  11% ] _update_scan_actions | b_monster_fire_salamander_source.png
[  11% ] _update_scan_actions | b_monster_mud_monster_source.png
[  11% ] _update_scan_actions | b_monster_poison_python_source.png
[  11% ] _update_scan_actions | b_monster_puppet_guard_source.png
[  11% ] _update_scan_actions | b_monster_rock_eagle_source.png
[  11% ] _update_scan_actions | b_monster_skeleton_swordsman_source.png
[  11% ] _update_scan_actions | e_effect_area_spell_circle_256x256.png
[  11% ] _update_scan_actions | e_effect_blue_ice_burst_256x256.png
[  11% ] _update_scan_actions | e_effect_gold_holy_slash_256x256.png
[  11% ] _update_scan_actions | e_effect_gold_sword_rain_256x256.png
[  11% ] _update_scan_actions | e_effect_green_vine_ring_256x256.png
[  11% ] _update_scan_actions | e_effect_purple_void_256x256.png
[  11% ] _update_scan_actions | e_effect_red_claw_marks_256x256.png
[  12% ] _update_scan_actions | e_effect_white_lightning_256x256.png
[  12% ] _update_scan_actions | b_monster_black_wind_chief_128x128.png
[  12% ] _update_scan_actions | b_monster_blood_bat_128x128.png
[  12% ] _update_scan_actions | b_monster_evil_wolf_128x128.png
[  12% ] _update_scan_actions | b_monster_fire_salamander_128x128.png
[  12% ] _update_scan_actions | b_monster_mud_monster_128x128.png
[  12% ] _update_scan_actions | b_monster_poison_python_128x128.png
[  12% ] _update_scan_actions | b_monster_puppet_guard_128x128.png
[  12% ] _update_scan_actions | b_monster_rock_eagle_128x128.png
[  12% ] _update_scan_actions | b_monster_skeleton_swordsman_128x128.png
[  12% ] _update_scan_actions | c_mount_flame_steed_source.png
[  12% ] _update_scan_actions | c_mount_frost_wolf_source.png
[  12% ] _update_scan_actions | c_mount_zq_bl_source.png
[  12% ] _update_scan_actions | c_mount_zq_dyq_source.png
[  12% ] _update_scan_actions | c_mount_zq_jxl_source.png
[  13% ] _update_scan_actions | c_mount_zq_lxn_source.png
[  13% ] _update_scan_actions | c_mount_zq_mj_source.png
[  13% ] _update_scan_actions | c_mount_zq_sj_source.png
[  13% ] _update_scan_actions | d_pet_fire_fox_source.png
[  13% ] _update_scan_actions | d_pet_snow_mink_source.png
[  13% ] _update_scan_actions | d_pet_thunder_sparrow_source.png
[  13% ] _update_scan_actions | d_pet_turtle_chancellor_source.png
[  13% ] _update_scan_actions | c_mount_flame_steed_160x160.png
[  13% ] _update_scan_actions | c_mount_frost_wolf_160x160.png
[  13% ] _update_scan_actions | c_mount_zq_bl_160x160.png
[  13% ] _update_scan_actions | c_mount_zq_dyq_160x160.png
[  13% ] _update_scan_actions | c_mount_zq_jxl_160x160.png
[  13% ] _update_scan_actions | c_mount_zq_lxn_160x160.png
[  13% ] _update_scan_actions | c_mount_zq_mj_160x160.png
[  13% ] _update_scan_actions | c_mount_zq_sj_160x160.png
[  14% ] _update_scan_actions | d_pet_fire_fox_96x96.png
[  14% ] _update_scan_actions | d_pet_snow_mink_96x96.png
[  14% ] _update_scan_actions | d_pet_thunder_sparrow_96x96.png
[  14% ] _update_scan_actions | d_pet_turtle_chancellor_96x96.png
[  14% ] _update_scan_actions | g_black_wind_camp_source.png
[  14% ] _update_scan_actions | g_lorin_wilds_source.png
[  14% ] _update_scan_actions | g_main_city_source.png
[  14% ] _update_scan_actions | g_mountain_pass_source.png
[  14% ] _update_scan_actions | h2_grass_tileset_source.png
[  14% ] _update_scan_actions | h3_map_deco_atlas_source.png
[  14% ] _update_scan_actions | g_black_wind_camp_v2_768x1024.png
[  14% ] _update_scan_actions | g_lorin_wilds_v2_768x1024.png
[  14% ] _update_scan_actions | g_main_city_v2_768x1024.png
[  14% ] _update_scan_actions | g_mountain_pass_v2_768x1024.png
[  15% ] _update_scan_actions | h2_grass_tileset_v2_256x256.png
[  15% ] _update_scan_actions | h3_map_deco_atlas_v2_256x256.png
[  15% ] _update_scan_actions | 像素艺术_2D_武侠奇幻网游风格_2010年代国产_J2ME_2026-09-21T18-43-55.png
[  15% ] _update_scan_actions | 像素艺术_2D_武侠奇幻网游风格_2010年代国产_J2ME_2026-09-21T18-43-57.png
[  15% ] _update_scan_actions | 像素艺术_2D_武侠奇幻网游风格_2010年代国产_J2ME_2026-09-21T18-44-02.png
[  15% ] _update_scan_actions | 像素艺术_2D_武侠奇幻网游风格_2010年代国产_J2ME_2026-09-21T18-44-04.png
[  15% ] _update_scan_actions | 像素艺术_2D_武侠奇幻网游风格_2010年代国产_J2ME_2026-09-21T18-44-55.png
[  15% ] _update_scan_actions | 像素艺术_2D_武侠奇幻网游风格_2010年代国产_J2ME_2026-09-21T18-44-57.png
[  15% ] _update_scan_actions | 像素艺术_2D_武侠奇幻网游风格_2010年代国产_J2ME_2026-09-21T18-44-59.png
[  15% ] _update_scan_actions | 像素艺术_2D_武侠奇幻网游风格_2010年代国产_J2ME_2026-09-21T18-45-00.png
[  15% ] _update_scan_actions | 像素艺术_2D_武侠奇幻网游风格_2010年代国产_J2ME_2026-09-21T18-47-54.png
[  15% ] _update_scan_actions | 像素艺术_2D_武侠奇幻网游风格_2010年代国产_J2ME_2026-09-21T18-47-56.png
[  15% ] _update_scan_actions | 像素艺术_2D_武侠奇幻网游风格_2010年代国产_J2ME_2026-09-21T18-47-57.png
[  15% ] _update_scan_actions | 像素艺术_2D_武侠奇幻网游风格_2010年代国产_J2ME_2026-09-21T18-48-00.png
[  15% ] _update_scan_actions | 像素艺术_2D_武侠奇幻网游风格_2010年代国产_J2ME_2026-09-21T18-48-41.png
[  16% ] _update_scan_actions | 像素艺术_2D_武侠奇幻网游风格_2010年代国产_J2ME_2026-09-21T18-48-42.png
[  16% ] _update_scan_actions | 像素艺术_2D_武侠奇幻网游风格_2010年代国产_J2ME_2026-09-21T18-48-43.png
[  16% ] _update_scan_actions | 像素艺术_2D_武侠奇幻网游风格_2010年代国产_J2ME_2026-09-21T18-48-45.png
[  16% ] _update_scan_actions | 像素艺术_2D_武侠奇幻网游风格_2010年代国产_J2ME_2026-09-21T18-49-16.png
[  16% ] _update_scan_actions | 像素艺术_2D_武侠奇幻网游风格_2010年代国产_J2ME_2026-09-21T18-49-18.png
[  16% ] _update_scan_actions | 像素艺术_2D_武侠奇幻网游风格_2010年代国产_J2ME_2026-09-21T18-49-21.png
[  16% ] _update_scan_actions | 像素艺术_2D_武侠奇幻网游风格_2010年代国产_J2ME_2026-09-21T18-49-57.png
[  16% ] _update_scan_actions | _2026-09-21T18-55-21.png
[  16% ] _update_scan_actions | 像素艺术_2D_武侠奇幻网游风格_高饱和色彩_深色描边_干净_2026-09-21T18-55-29.png
[  16% ] _update_scan_actions | 像素艺术_2D_武侠奇幻网游风格_高饱和色彩_深色描边_颗粒_2026-09-21T18-55-56.png
[  16% ] _update_scan_actions | 像素艺术_2D_武侠奇幻网游风格_高饱和色彩_深色描边_颗粒_2026-09-21T18-56-13.png
[  16% ] _update_scan_actions | 像素艺术_2D_武侠奇幻网游风格_高饱和色彩_深色描边_颗粒_2026-09-21T18-56-33.png
[  16% ] _update_scan_actions | 像素艺术_2D_武侠奇幻网游风格_高饱和色彩_深色描边_颗粒_2026-09-21T18-56-53.png
[  16% ] _update_scan_actions | 像素艺术_2D_武侠奇幻网游风格_高饱和色彩_深色描边_颗粒_2026-09-21T18-57-13.png
[  16% ] _update_scan_actions | 像素艺术_2D_武侠奇幻网游风格_高饱和色彩_深色描边_颗粒_2026-09-21T18-57-31.png
[  17% ] _update_scan_actions | 像素艺术_2D_武侠奇幻网游风格_高饱和色彩_深色描边_颗粒_2026-09-21T19-25-16.png
[  17% ] _update_scan_actions | 像素艺术_2D_武侠奇幻网游风格_高饱和色彩_深色描边_颗粒_2026-09-21T19-25-17.png
[  17% ] _update_scan_actions | 像素艺术_2D_武侠奇幻网游风格_高饱和色彩_深色描边_颗粒_2026-09-21T19-25-21.png
[  17% ] _update_scan_actions | 像素艺术_2D_武侠奇幻网游风格_高饱和色彩_深色描边_颗粒_2026-09-21T19-25-23.png
[  17% ] _update_scan_actions | 像素艺术_2D_武侠奇幻网游风格_高饱和色彩_深色描边_颗粒_2026-09-21T19-25-50.png
[  17% ] _update_scan_actions | 像素艺术_2D_武侠奇幻网游风格_高饱和色彩_深色描边_颗粒_2026-09-21T19-25-51.png
[  17% ] _update_scan_actions | 像素艺术_2D_武侠奇幻网游风格_高饱和色彩_深色描边_颗粒_2026-09-21T19-25-52.png
[  17% ] _update_scan_actions | 像素艺术_2D_武侠奇幻网游风格_高饱和色彩_深色描边_颗粒_2026-09-21T19-26-39.png
[  17% ] _update_scan_actions | 像素艺术_2D_武侠奇幻网游风格_高饱和色彩_深色描边_颗粒_2026-09-21T19-10-26.png
[  17% ] _update_scan_actions | 像素艺术_2D_武侠奇幻网游风格_高饱和色彩_深色描边_颗粒_2026-09-21T19-10-31.png
[  17% ] _update_scan_actions | 像素艺术_2D_武侠奇幻网游风格_高饱和色彩_深色描边_颗粒_2026-09-21T19-10-33.png
[  17% ] _update_scan_actions | 像素艺术_2D_武侠奇幻网游风格_高饱和色彩_深色描边_颗粒_2026-09-21T19-10-41.png
[  17% ] _update_scan_actions | 像素艺术_2D_武侠奇幻网游风格_高饱和色彩_深色描边_颗粒_2026-09-21T19-14-14.png
[  17% ] _update_scan_actions | 像素艺术_2D_武侠奇幻网游风格_高饱和色彩_深色描边_颗粒_2026-09-21T19-14-18.png
[  18% ] _update_scan_actions | 像素艺术_2D_武侠奇幻网游风格_高饱和色彩_深色描边_颗粒_2026-09-21T19-14-20.png
[  18% ] _update_scan_actions | 像素艺术_2D_武侠奇幻网游风格_高饱和色彩_深色描边_颗粒_2026-09-21T19-14-25.png
[  18% ] _update_scan_actions | 像素艺术_2D_武侠奇幻网游风格_高饱和色彩_深色描边_颗粒_2026-09-21T19-14-53.png
[  18% ] _update_scan_actions | 像素艺术_2D_武侠奇幻网游风格_高饱和色彩_深色描边_颗粒_2026-09-21T19-14-56.png
[  18% ] _update_scan_actions | 像素艺术_2D_武侠奇幻网游风格_高饱和色彩_深色描边_颗粒_2026-09-21T19-14-59.png
[  18% ] _update_scan_actions | 像素艺术_2D_武侠奇幻网游风格_高饱和色彩_深色描边_颗粒_2026-09-21T19-15-02.png
[  18% ] _update_scan_actions | chenxing_front.png
[  18% ] _update_scan_actions | chuanyang_front.png
[  18% ] _update_scan_actions | pojun_front.png
[  18% ] _update_scan_actions | shuangyu_front.png
[  18% ] _update_scan_actions | courtyard_visual_v2.png
[  18% ] _update_scan_actions | enter.png
[  18% ] _update_scan_actions | home.png
[  18% ] _update_scan_actions | itm_trade_grain_generated.png
[  18% ] _update_scan_actions | npc_mentor_idle_generated.png
[  19% ] _update_scan_actions | npc_mentor_portrait_generated.png
[  19% ] _update_scan_actions | npc_stablemaster_idle_generated.png
[  19% ] _update_scan_actions | trade_stall_generated.png
[  19% ] _update_scan_actions | mon_abyss_avatar_v1.png
[  19% ] _update_scan_actions | mon_nameless_warden_v1.png
[  19% ] _update_scan_actions | mon_triad_echo.svg
[  19% ] _update_scan_actions | overview_001_024.png
[  19% ] _update_scan_actions | overview_025_047.png
[  19% ] _update_scan_actions | review_bases.png
[  19% ] _update_scan_actions | 048_deco_glacier_frozenknight.png
[  19% ] _update_scan_actions | 049_deco_glacier_crevasse.png
[  19% ] _update_scan_actions | 050_deco_abyss_obelisk.png
[  19% ] _update_scan_actions | 051_deco_abyss_eye.png
[  19% ] _update_scan_actions | 052_deco_abyss_altar.png
[  19% ] _update_scan_actions | 053_deco_castle_pillar.png
[  20% ] _update_scan_actions | 054_deco_castle_barricade.png
[  20% ] _update_scan_actions | 055_deco_castle_banner.png
[  20% ] _update_scan_actions | 056_deco_campfire.png
[  20% ] _update_scan_actions | 057_deco_signpost.png
[  20% ] _update_scan_actions | 058_deco_chest_closed.png
[  20% ] _update_scan_actions | 059_deco_chest_open.png
[  20% ] _update_scan_actions | 060_deco_portal.png
[  20% ] _update_scan_actions | 061_deco_totem.png
[  20% ] _update_scan_actions | 062_deco_bg_mountain.png
[  20% ] _update_scan_actions | 063_deco_bg_clouds.png
[  20% ] _update_scan_actions | 064_deco_bg_mist.png
[  20% ] _update_scan_actions | 065_deco_boundary_cliff.png
[  20% ] _update_scan_actions | 066_bg_main.png
[  20% ] _update_scan_actions | 067_bg_route.png
[  20% ] _update_scan_actions | 068_bg_abyss.png
[  21% ] _update_scan_actions | 069_bg_endless.png
[  21% ] _update_scan_actions | 070_bg_battle_forest.png
[  21% ] _update_scan_actions | 071_bg_battle_snowfield.png
[  21% ] _update_scan_actions | 072_bg_battle_volcano.png
[  21% ] _update_scan_actions | 073_bg_battle_tomb.png
[  21% ] _update_scan_actions | 074_bg_battle_desert.png
[  21% ] _update_scan_actions | 075_bg_battle_glacier.png
[  21% ] _update_scan_actions | 076_bg_battle_abyss.png
[  21% ] _update_scan_actions | 077_bg_battle_castle.png
[  21% ] _update_scan_actions | 078_role_zs.png
[  21% ] _update_scan_actions | 079_role_ck.png
[  21% ] _update_scan_actions | 080_role_fs.png
[  21% ] _update_scan_actions | 081_role_fz.png
[  21% ] _update_scan_actions | 082_zs_sword_t1.png
[  22% ] _update_scan_actions | 083_zs_sword_t2.png
[  22% ] _update_scan_actions | 084_zs_sword_t3.png
[  22% ] _update_scan_actions | 085_zs_armor_t1_t2_t3.png
[  22% ] _update_scan_actions | 086_ck_spear_t1_t2_t3.png
[  22% ] _update_scan_actions | 087_ck_armor_t1_t2_t3.png
[  22% ] _update_scan_actions | 088_fs_staff_t1_t2_t3.png
[  22% ] _update_scan_actions | 089_fs_armor_t1_t2_t3.png
[  22% ] _update_scan_actions | 090_fz_hammer_t1_t2_t3.png
[  22% ] _update_scan_actions | 091_fz_armor_t1_t2_t3.png
[  22% ] _update_scan_actions | 092_pet_rockturtle.png
[  22% ] _update_scan_actions | 093_pet_rockturtle_evo.png
[  22% ] _update_scan_actions | 094_pet_thunderhawk.png
[  22% ] _update_scan_actions | 095_pet_thunderhawk_evo.png
[  22% ] _update_scan_actions | 096_pet_frostwolf.png
[  22% ] _update_scan_actions | 097_pet_frostwolf_evo.png
[  23% ] _update_scan_actions | 098_pet_foxfire.png
[  23% ] _update_scan_actions | 099_pet_foxfire_evo.png
[  23% ] _update_scan_actions | 100_pet_eyescat.png
[  23% ] _update_scan_actions | overview_001_025.png
[  23% ] _update_scan_actions | overview_026_050.png
[  23% ] _update_scan_actions | overview_051_075.png
[  23% ] _update_scan_actions | overview_076_100.png
[  23% ] _update_scan_actions | contact_sheet_frame_checks.png
[  23% ] _update_scan_actions | contact_sheet_fx.png
[  23% ] _update_scan_actions | contact_sheet_icons.png
[  23% ] _update_scan_actions | contact_sheet_map.png
[  23% ] _update_scan_actions | contact_sheet_sfx.png
[  23% ] _update_scan_actions | fx_arrow.png
[  23% ] _update_scan_actions | fx_ck_dunying.png
[  23% ] _update_scan_actions | fx_ck_duopo.png
[  24% ] _update_scan_actions | fx_ck_guanjia.png
[  24% ] _update_scan_actions | fx_ck_lianzhu.png
[  24% ] _update_scan_actions | fx_ck_qingxie.png
[  24% ] _update_scan_actions | fx_crit.png
[  24% ] _update_scan_actions | fx_fs_midun.png
[  24% ] _update_scan_actions | fx_fs_shuanghuan.png
[  24% ] _update_scan_actions | fx_fs_shuangren.png
[  24% ] _update_scan_actions | fx_fs_tianyun.png
[  24% ] _update_scan_actions | fx_fs_yanmie.png
[  24% ] _update_scan_actions | fx_fz_jinghua.png
[  24% ] _update_scan_actions | fx_fz_poxiao.png
[  24% ] _update_scan_actions | fx_fz_puzhao.png
[  24% ] _update_scan_actions | fx_fz_shengyu.png
[  24% ] _update_scan_actions | fx_fz_zhudao.png
[  25% ] _update_scan_actions | fx_heal.png
[  25% ] _update_scan_actions | fx_levelup.png
[  25% ] _update_scan_actions | fx_slash.png
[  25% ] _update_scan_actions | fx_zs_duanzui.png
[  25% ] _update_scan_actions | fx_zs_huifeng.png
[  25% ] _update_scan_actions | fx_zs_lieshan.png
[  25% ] _update_scan_actions | fx_zs_pozhen.png
[  25% ] _update_scan_actions | fx_zs_zhanhou.png
[  25% ] _update_scan_actions | sfx_bleed.png
[  25% ] _update_scan_actions | sfx_ding.png
[  25% ] _update_scan_actions | sfx_fear.png
[  25% ] _update_scan_actions | sfx_invuln.png
[  25% ] _update_scan_actions | sfx_poison.png
[  25% ] _update_scan_actions | sfx_shield.png
[  25% ] _update_scan_actions | sfx_slow.png
[  26% ] _update_scan_actions | sfx_taunt.png
[  26% ] _update_scan_actions | mon_ashimp.png
[  26% ] _update_scan_actions | mon_blackknight.png
[  26% ] _update_scan_actions | mon_boss_abyss.png
[  26% ] _update_scan_actions | mon_boss_castle.png
[  26% ] _update_scan_actions | mon_boss_desert.png
[  26% ] _update_scan_actions | mon_boss_endless.png
[  26% ] _update_scan_actions | mon_boss_forest.png
[  26% ] _update_scan_actions | mon_boss_glacier.png
[  26% ] _update_scan_actions | mon_boss_snow.png
[  26% ] _update_scan_actions | mon_boss_tomb.png
[  26% ] _update_scan_actions | mon_boss_volcano.png
[  26% ] _update_scan_actions | mon_cryptspider.png
[  26% ] _update_scan_actions | mon_cultist.png
[  26% ] _update_scan_actions | mon_frostguard.png
[  27% ] _update_scan_actions | mon_frostmage.png
[  27% ] _update_scan_actions | mon_frostwalrus.png
[  27% ] _update_scan_actions | mon_ghost.png
[  27% ] _update_scan_actions | mon_goblin.png
[  27% ] _update_scan_actions | mon_icebat.png
[  27% ] _update_scan_actions | mon_icespirit.png
[  27% ] _update_scan_actions | mon_lavahound.png
[  27% ] _update_scan_actions | mon_magmagolem.png
[  27% ] _update_scan_actions | mon_mummy.png
[  27% ] _update_scan_actions | mon_plague.png
[  27% ] _update_scan_actions | mon_sandwyrm.png
[  27% ] _update_scan_actions | mon_scorp.png
[  27% ] _update_scan_actions | mon_shade.png
[  27% ] _update_scan_actions | mon_siege.png
[  27% ] _update_scan_actions | mon_skeleton.png
[  28% ] _update_scan_actions | mon_spider.png
[  28% ] _update_scan_actions | mon_traitor.png
[  28% ] _update_scan_actions | mon_treant.png
[  28% ] _update_scan_actions | mon_voidling.png
[  28% ] _update_scan_actions | mon_wolf.png
[  28% ] _update_scan_actions | mon_yeti.png
[  28% ] _update_scan_actions | pet_emberling.png
[  28% ] _update_scan_actions | pet_emberling_evo.png
[  28% ] _update_scan_actions | pet_eyescat_evo.png
[  28% ] _update_scan_actions | pet_holydeer.png
[  28% ] _update_scan_actions | pet_holydeer_evo.png
[  28% ] _update_scan_actions | pet_shadowviper.png
[  28% ] _update_scan_actions | pet_shadowviper_evo.png
[  28% ] _update_scan_actions | sk_ck_duopo.png
[  29% ] _update_scan_actions | sk_ck_guanjia.png
[  29% ] _update_scan_actions | sk_ck_lianzhu.png
[  29% ] _update_scan_actions | sk_zs_duanzui.png
[  29% ] _update_scan_actions | sk_zs_huifeng.png
[  29% ] _update_scan_actions | sk_zs_lieshan.png
[  29% ] _update_scan_actions | sk_zs_pozhen.png
[  29% ] _update_scan_actions | sk_zs_zhanhou.png
[  29% ] _update_scan_actions | buff_bleed.png
[  29% ] _update_scan_actions | buff_confuse.png
[  29% ] _update_scan_actions | buff_ding.png
[  29% ] _update_scan_actions | buff_dispel.png
[  29% ] _update_scan_actions | buff_execute.png
[  29% ] _update_scan_actions | buff_fear.png
[  29% ] _update_scan_actions | buff_hide.png
[  29% ] _update_scan_actions | buff_invuln.png
[  30% ] _update_scan_actions | buff_leech.png
[  30% ] _update_scan_actions | buff_nolock.png
[  30% ] _update_scan_actions | buff_poison.png
[  30% ] _update_scan_actions | buff_revive.png
[  30% ] _update_scan_actions | buff_shield.png
[  30% ] _update_scan_actions | buff_slow.png
[  30% ] _update_scan_actions | buff_sunder.png
[  30% ] _update_scan_actions | buff_taunt.png
[  30% ] _update_scan_actions | buff_thorns.png
[  30% ] _update_scan_actions | 101_pet_eyescat_evo.png
[  30% ] _update_scan_actions | 102_pet_holydeer.png
[  30% ] _update_scan_actions | 103_pet_holydeer_evo.png
[  30% ] _update_scan_actions | 104_pet_emberling.png
[  30% ] _update_scan_actions | 105_pet_emberling_evo.png
[  30% ] _update_scan_actions | 106_pet_shadowviper.png
[  31% ] _update_scan_actions | 107_pet_shadowviper_evo.png
[  31% ] _update_scan_actions | 108_mon_wolf.png
[  31% ] _update_scan_actions | 109_mon_spider.png
[  31% ] _update_scan_actions | 110_mon_treant.png
[  31% ] _update_scan_actions | 111_mon_skeleton.png
[  31% ] _update_scan_actions | 112_mon_goblin.png
[  31% ] _update_scan_actions | 113_mon_boss_forest.png
[  31% ] _update_scan_actions | 114_mon_icebat.png
[  31% ] _update_scan_actions | 115_mon_yeti.png
[  31% ] _update_scan_actions | 116_mon_frostguard.png
[  31% ] _update_scan_actions | 117_mon_boss_snow.png
[  31% ] _update_scan_actions | 118_mon_lavahound.png
[  31% ] _update_scan_actions | 119_mon_ashimp.png
[  31% ] _update_scan_actions | 120_mon_magmagolem.png
[  31% ] _update_scan_actions | 121_mon_boss_volcano.png
[  32% ] _update_scan_actions | 122_mon_ghost.png
[  32% ] _update_scan_actions | 123_mon_cryptspider.png
[  32% ] _update_scan_actions | 124_mon_plague.png
[  32% ] _update_scan_actions | 125_mon_boss_tomb.png
[  32% ] _update_scan_actions | 126_mon_scorp.png
[  32% ] _update_scan_actions | 127_mon_mummy.png
[  32% ] _update_scan_actions | 128_mon_sandwyrm.png
[  32% ] _update_scan_actions | 129_mon_boss_desert.png
[  32% ] _update_scan_actions | 130_mon_icespirit.png
[  32% ] _update_scan_actions | 131_mon_frostwalrus.png
[  32% ] _update_scan_actions | 132_mon_frostmage.png
[  32% ] _update_scan_actions | 133_mon_boss_glacier.png
[  32% ] _update_scan_actions | 134_mon_voidling.png
[  32% ] _update_scan_actions | 135_mon_shade.png
[  33% ] _update_scan_actions | 136_mon_cultist.png
[  33% ] _update_scan_actions | 137_mon_boss_abyss.png
[  33% ] _update_scan_actions | 138_mon_traitor.png
[  33% ] _update_scan_actions | 139_mon_siege.png
[  33% ] _update_scan_actions | 140_mon_blackknight.png
[  33% ] _update_scan_actions | 141_mon_boss_castle.png
[  33% ] _update_scan_actions | 142_mon_boss_endless.png
[  33% ] _update_scan_actions | 143_fx_zs_lieshan.png
[  33% ] _update_scan_actions | 144_fx_zs_duanzui.png
[  33% ] _update_scan_actions | 145_fx_ck_lianzhu.png
[  33% ] _update_scan_actions | 146_fx_ck_qingxie.png
[  33% ] _update_scan_actions | 147_fx_fs_shuanghuan.png
[  33% ] _update_scan_actions | 148_fx_fs_tianyun.png
[  33% ] _update_scan_actions | 149_fx_fz_shengyu.png
[  33% ] _update_scan_actions | 150_fx_fz_poxiao.png
[  34% ] _update_scan_actions | 151_fx_slash.png
[  34% ] _update_scan_actions | 152_fx_arrow.png
[  34% ] _update_scan_actions | 153_fx_crit.png
[  34% ] _update_scan_actions | 154_fx_heal.png
[  34% ] _update_scan_actions | 155_fx_levelup.png
[  34% ] _update_scan_actions | 156_fx_zs_pozhen.png
[  34% ] _update_scan_actions | 157_fx_zs_huifeng.png
[  34% ] _update_scan_actions | 158_fx_zs_zhanhou.png
[  34% ] _update_scan_actions | 159_fx_ck_guanjia.png
[  34% ] _update_scan_actions | 160_fx_ck_duopo.png
[  34% ] _update_scan_actions | 161_fx_ck_dunying.png
[  34% ] _update_scan_actions | 162_fx_fs_shuangren.png
[  34% ] _update_scan_actions | 163_fx_fs_midun.png
[  34% ] _update_scan_actions | 164_fx_fs_yanmie.png
[  34% ] _update_scan_actions | 165_fx_fz_puzhao.png
[  35% ] _update_scan_actions | 166_fx_fz_jinghua.png
[  35% ] _update_scan_actions | 167_fx_fz_zhudao.png
[  35% ] _update_scan_actions | 168_buff_bleed.png
[  35% ] _update_scan_actions | 169_buff_poison.png
[  35% ] _update_scan_actions | 170_buff_ding.png
[  35% ] _update_scan_actions | 171_buff_confuse.png
[  35% ] _update_scan_actions | 172_buff_slow.png
[  35% ] _update_scan_actions | 173_buff_sunder.png
[  35% ] _update_scan_actions | 174_buff_taunt.png
[  35% ] _update_scan_actions | 175_buff_fear.png
[  35% ] _update_scan_actions | 176_buff_hide.png
[  35% ] _update_scan_actions | 177_buff_thorns.png
[  35% ] _update_scan_actions | 178_buff_leech.png
[  35% ] _update_scan_actions | 179_buff_shield.png
[  36% ] _update_scan_actions | 180_buff_invuln.png
[  36% ] _update_scan_actions | 181_buff_nolock.png
[  36% ] _update_scan_actions | 182_buff_revive.png
[  36% ] _update_scan_actions | 183_buff_execute.png
[  36% ] _update_scan_actions | 184_buff_dispel.png
[  36% ] _update_scan_actions | 185_sfx_bleed.png
[  36% ] _update_scan_actions | 186_sfx_poison.png
[  36% ] _update_scan_actions | 187_sfx_shield.png
[  36% ] _update_scan_actions | 188_sfx_invuln.png
[  36% ] _update_scan_actions | 189_sfx_ding.png
[  36% ] _update_scan_actions | 190_sfx_fear.png
[  36% ] _update_scan_actions | 191_sfx_taunt.png
[  36% ] _update_scan_actions | 192_sfx_slow.png
[  36% ] _update_scan_actions | 193_sk_zs_lieshan.png
[  36% ] _update_scan_actions | 194_sk_zs_pozhen.png
[  37% ] _update_scan_actions | 195_sk_zs_huifeng.png
[  37% ] _update_scan_actions | 196_sk_zs_zhanhou.png
[  37% ] _update_scan_actions | 197_sk_zs_duanzui.png
[  37% ] _update_scan_actions | 198_sk_ck_lianzhu.png
[  37% ] _update_scan_actions | 199_sk_ck_guanjia.png
[  37% ] _update_scan_actions | 200_sk_ck_duopo.png
[  37% ] _update_scan_actions | contact_sheet_cards.png
[  37% ] _update_scan_actions | contact_sheet_fx.png
[  37% ] _update_scan_actions | contact_sheet_icons.png
[  37% ] _update_scan_actions | contact_sheet_mounts.png
[  37% ] _update_scan_actions | contact_sheet_npcs.png
[  37% ] _update_scan_actions | contact_sheet_ui.png
[  37% ] _update_scan_actions | frame_blue.png
[  37% ] _update_scan_actions | frame_gold.png
[  37% ] _update_scan_actions | frame_purple.png
[  38% ] _update_scan_actions | frame_white.png
[  38% ] _update_scan_actions | gacha_card_blue.png
[  38% ] _update_scan_actions | gacha_card_gold.png
[  38% ] _update_scan_actions | gacha_card_purple.png
[  38% ] _update_scan_actions | gacha_card_white.png
[  38% ] _update_scan_actions | fx_gacha_burst.png
[  38% ] _update_scan_actions | fx_gacha_flip.png
[  38% ] _update_scan_actions | fx_mount_summon.png
[  38% ] _update_scan_actions | cur_expedition.png
[  38% ] _update_scan_actions | cur_gold.png
[  38% ] _update_scan_actions | cur_honor.png
[  38% ] _update_scan_actions | cur_soul.png
[  38% ] _update_scan_actions | gem_atk_1.png
[  38% ] _update_scan_actions | gem_atk_2.png
[  38% ] _update_scan_actions | gem_atk_3.png
[  39% ] _update_scan_actions | gem_atk_4.png
[  39% ] _update_scan_actions | gem_atk_5.png
[  39% ] _update_scan_actions | gem_def_1.png
[  39% ] _update_scan_actions | gem_def_2.png
[  39% ] _update_scan_actions | gem_def_3.png
[  39% ] _update_scan_actions | gem_def_4.png
[  39% ] _update_scan_actions | gem_def_5.png
[  39% ] _update_scan_actions | gem_hp_1.png
[  39% ] _update_scan_actions | gem_hp_2.png
[  39% ] _update_scan_actions | gem_hp_3.png
[  39% ] _update_scan_actions | gem_hp_4.png
[  39% ] _update_scan_actions | gem_hp_5.png
[  39% ] _update_scan_actions | icon_altar.png
[  39% ] _update_scan_actions | icon_double_edge.png
[  40% ] _update_scan_actions | icon_vault.png
[  40% ] _update_scan_actions | itm_antidote.png
[  40% ] _update_scan_actions | itm_aptitude_fruit.png
[  40% ] _update_scan_actions | itm_break_crystal.png
[  40% ] _update_scan_actions | itm_dragon_scale.png
[  40% ] _update_scan_actions | itm_energy_dew.png
[  40% ] _update_scan_actions | itm_enhance_stone.png
[  40% ] _update_scan_actions | itm_evolve_crystal.png
[  40% ] _update_scan_actions | itm_fish_common.png
[  40% ] _update_scan_actions | itm_gate_clue.png
[  40% ] _update_scan_actions | itm_gold_shard.png
[  40% ] _update_scan_actions | itm_herb.png
[  40% ] _update_scan_actions | itm_iron_ore.png
[  40% ] _update_scan_actions | itm_lock_rune.png
[  40% ] _update_scan_actions | itm_magic_crystal.png
[  41% ] _update_scan_actions | itm_map_scrap.png
[  41% ] _update_scan_actions | itm_mithril.png
[  41% ] _update_scan_actions | itm_pet_book.png
[  41% ] _update_scan_actions | itm_pet_food.png
[  41% ] _update_scan_actions | itm_potion_hp_l.png
[  41% ] _update_scan_actions | itm_potion_hp_m.png
[  41% ] _update_scan_actions | itm_potion_hp_s.png
[  41% ] _update_scan_actions | itm_refine_stone.png
[  41% ] _update_scan_actions | itm_revive_feather.png
[  41% ] _update_scan_actions | itm_salt_ledger.png
[  41% ] _update_scan_actions | itm_salt_pack.png
[  41% ] _update_scan_actions | itm_stele_fragment.png
[  41% ] _update_scan_actions | itm_ticket_sweep.png
[  41% ] _update_scan_actions | itm_ticket_ten.png
[  41% ] _update_scan_actions | itm_tide_core.png
[  42% ] _update_scan_actions | itm_tide_egg.png
[  42% ] _update_scan_actions | itm_torch.png
[  42% ] _update_scan_actions | itm_trade_grain.png
[  42% ] _update_scan_actions | itm_wind_chime.png
[  42% ] _update_scan_actions | node_boss.png
[  42% ] _update_scan_actions | node_campfire.png
[  42% ] _update_scan_actions | node_chest.png
[  42% ] _update_scan_actions | node_elite.png
[  42% ] _update_scan_actions | node_event.png
[  42% ] _update_scan_actions | node_normal.png
[  42% ] _update_scan_actions | node_shop.png
[  42% ] _update_scan_actions | node_start.png
[  42% ] _update_scan_actions | rank_bronze.png
[  42% ] _update_scan_actions | rank_diamond.png
[  43% ] _update_scan_actions | rank_gold.png
[  43% ] _update_scan_actions | rank_platinum.png
[  43% ] _update_scan_actions | rank_silver.png
[  43% ] _update_scan_actions | school_bleed.png
[  43% ] _update_scan_actions | school_control.png
[  43% ] _update_scan_actions | school_crit.png
[  43% ] _update_scan_actions | school_energy.png
[  43% ] _update_scan_actions | school_summon.png
[  43% ] _update_scan_actions | school_thorns.png
[  43% ] _update_scan_actions | sk_ck_dunying.png
[  43% ] _update_scan_actions | sk_ck_qingxie.png
[  43% ] _update_scan_actions | sk_fs_midun.png
[  43% ] _update_scan_actions | sk_fs_shuanghuan.png
[  43% ] _update_scan_actions | sk_fs_shuangren.png
[  43% ] _update_scan_actions | sk_fs_tianyun.png
[  44% ] _update_scan_actions | sk_fs_yanmie.png
[  44% ] _update_scan_actions | sk_fz_jinghua.png
[  44% ] _update_scan_actions | sk_fz_poxiao.png
[  44% ] _update_scan_actions | sk_fz_puzhao.png
[  44% ] _update_scan_actions | sk_fz_shengyu.png
[  44% ] _update_scan_actions | sk_fz_zhudao.png
[  44% ] _update_scan_actions | slot_accessory.png
[  44% ] _update_scan_actions | slot_armor.png
[  44% ] _update_scan_actions | slot_hammer.png
[  44% ] _update_scan_actions | slot_spear.png
[  44% ] _update_scan_actions | slot_staff.png
[  44% ] _update_scan_actions | slot_sword.png
[  44% ] _update_scan_actions | trade_stall.png
[  44% ] _update_scan_actions | mount_bear.png
[  44% ] _update_scan_actions | mount_bear_elite.png
[  45% ] _update_scan_actions | mount_griffin.png
[  45% ] _update_scan_actions | mount_griffin_elite.png
[  45% ] _update_scan_actions | mount_horse.png
[  45% ] _update_scan_actions | mount_horse_elite.png
[  45% ] _update_scan_actions | mount_nightmare.png
[  45% ] _update_scan_actions | mount_nightmare_elite.png
[  45% ] _update_scan_actions | mount_sandlizard.png
[  45% ] _update_scan_actions | mount_sandlizard_elite.png
[  45% ] _update_scan_actions | mount_woolyrhino.png
[  45% ] _update_scan_actions | mount_woolyrhino_elite.png
[  45% ] _update_scan_actions | npc_blacksmith.png
[  45% ] _update_scan_actions | npc_child_idle.png
[  45% ] _update_scan_actions | npc_child_portrait.png
[  45% ] _update_scan_actions | npc_courier.png
[  45% ] _update_scan_actions | npc_guard_idle.png
[  46% ] _update_scan_actions | npc_guard_portrait.png
[  46% ] _update_scan_actions | npc_guest_idle.png
[  46% ] _update_scan_actions | npc_harbormaster_idle.png
[  46% ] _update_scan_actions | npc_keeper_idle.png
[  46% ] _update_scan_actions | npc_mentor_idle.png
[  46% ] _update_scan_actions | npc_mentor_portrait.png
[  46% ] _update_scan_actions | npc_merchant.png
[  46% ] _update_scan_actions | npc_port_keeper_idle.png
[  46% ] _update_scan_actions | npc_port_trader_idle.png
[  46% ] _update_scan_actions | npc_port_worker_idle.png
[  46% ] _update_scan_actions | npc_scribe_idle.png
[  46% ] _update_scan_actions | npc_scribe_portrait.png
[  46% ] _update_scan_actions | npc_smith_idle.png
[  46% ] _update_scan_actions | npc_stablemaster_idle.png
[  47% ] _update_scan_actions | npc_steward_idle.png
[  47% ] _update_scan_actions | npc_steward_portrait.png
[  47% ] _update_scan_actions | npc_warden_idle.png
[  47% ] _update_scan_actions | pet_tide_gull.png
[  47% ] _update_scan_actions | icon_app.png
[  47% ] _update_scan_actions | mkt_loading.png
[  47% ] _update_scan_actions | mkt_logo.png
[  47% ] _update_scan_actions | mkt_splash.png
[  47% ] _update_scan_actions | mkt_store.png
[  47% ] _update_scan_actions | ui_banner_event.png
[  47% ] _update_scan_actions | ui_banner_gacha.png
[  47% ] _update_scan_actions | ui_exchange.png
[  47% ] _update_scan_actions | ui_notice.png
[  47% ] _update_scan_actions | ui_panel_battle.png
[  47% ] _update_scan_actions | ui_panel_card.png
[  48% ] _update_scan_actions | ui_panel_equip.png
[  48% ] _update_scan_actions | ui_panel_gold_btn.png
[  48% ] _update_scan_actions | ui_panel_mount.png
[  48% ] _update_scan_actions | ui_panel_odds.png
[  48% ] _update_scan_actions | ui_panel_pvp_lobby.png
[  48% ] _update_scan_actions | ui_panel_pvp_match.png
[  48% ] _update_scan_actions | ui_panel_pvp_team.png
[  48% ] _update_scan_actions | ui_panel_refine.png
[  48% ] _update_scan_actions | ui_panel_season.png
[  48% ] _update_scan_actions | ui_panel_skillbook.png
[  48% ] _update_scan_actions | ui_panel_talent.png
[  48% ] _update_scan_actions | ui_panel_title.png
[  48% ] _update_scan_actions | ui_signin.png
[  48% ] _update_scan_actions | arrowBrown_left.png
[  48% ] _update_scan_actions | arrowBrown_right.png
[  49% ] _update_scan_actions | barBack_horizontalLeft.png
[  49% ] _update_scan_actions | barBack_horizontalMid.png
[  49% ] _update_scan_actions | barBack_horizontalRight.png
[  49% ] _update_scan_actions | barRed_horizontalLeft.png
[  49% ] _update_scan_actions | barRed_horizontalMid.png
[  49% ] _update_scan_actions | barRed_horizontalRight.png
[  49% ] _update_scan_actions | button_brown.png
[  49% ] _update_scan_actions | button_brown_close.png
[  49% ] _update_scan_actions | cursorSword_gold.png
[  49% ] _update_scan_actions | iconCheck_beige.png
[  49% ] _update_scan_actions | iconCross_brown.png
[  49% ] _update_scan_actions | panel_border_brown.png
[  49% ] _update_scan_actions | panel_border_brown_detail.png
[  49% ] _update_scan_actions | panel_brown_corners_a.png
[  50% ] _update_scan_actions | progress_red_small.png
[  50% ] _update_scan_actions | progress_red_small_border.png
[  50% ] _update_scan_actions | round_brown.png
[  50% ] _update_scan_actions | round_brown_dark.png
[  50% ] _update_scan_actions | ui_kenney_hp_back.png
[  50% ] _update_scan_actions | ui_kenney_hp_fill.png
[  50% ] _update_scan_actions | 201_sk_ck_dunying.png
[  50% ] _update_scan_actions | 202_sk_ck_qingxie.png
[  50% ] _update_scan_actions | 203_sk_fs_shuangren.png
[  50% ] _update_scan_actions | 204_sk_fs_shuanghuan.png
[  50% ] _update_scan_actions | 205_sk_fs_tianyun.png
[  50% ] _update_scan_actions | 206_sk_fs_midun.png
[  50% ] _update_scan_actions | 207_sk_fs_yanmie.png
[  50% ] _update_scan_actions | 208_sk_fz_shengyu.png
[  50% ] _update_scan_actions | 209_sk_fz_puzhao.png
[  51% ] _update_scan_actions | 210_sk_fz_jinghua.png
[  51% ] _update_scan_actions | 211_sk_fz_zhudao.png
[  51% ] _update_scan_actions | 212_sk_fz_poxiao.png
[  51% ] _update_scan_actions | 213_node_start.png
[  51% ] _update_scan_actions | 214_node_normal.png
[  51% ] _update_scan_actions | 215_node_elite.png
[  51% ] _update_scan_actions | 216_node_event.png
[  51% ] _update_scan_actions | 217_node_chest.png
[  51% ] _update_scan_actions | 218_node_shop.png
[  51% ] _update_scan_actions | 219_node_campfire.png
[  51% ] _update_scan_actions | 220_node_boss.png
[  51% ] _update_scan_actions | 221_frame_white.png
[  51% ] _update_scan_actions | 222_frame_blue.png
[  51% ] _update_scan_actions | 223_frame_purple.png
[  51% ] _update_scan_actions | 224_frame_gold.png
[  52% ] _update_scan_actions | 225_school_bleed.png
[  52% ] _update_scan_actions | 226_school_crit.png
[  52% ] _update_scan_actions | 227_school_thorns.png
[  52% ] _update_scan_actions | 228_school_control.png
[  52% ] _update_scan_actions | 229_school_energy.png
[  52% ] _update_scan_actions | 230_school_summon.png
[  52% ] _update_scan_actions | 231_icon_double_edge.png
[  52% ] _update_scan_actions | 232_ui_panel_battle.png
[  52% ] _update_scan_actions | 233_ui_panel_card.png
[  52% ] _update_scan_actions | 234_ui_panel_gold_btn.png
[  52% ] _update_scan_actions | 235_gacha_card_white.png
[  52% ] _update_scan_actions | 236_gacha_card_blue.png
[  52% ] _update_scan_actions | 237_gacha_card_purple.png
[  52% ] _update_scan_actions | 238_gacha_card_gold.png
[  52% ] _update_scan_actions | 239_fx_gacha_flip.png
[  53% ] _update_scan_actions | 240_fx_gacha_burst.png
[  53% ] _update_scan_actions | 241_icon_altar.png
[  53% ] _update_scan_actions | 242_icon_vault.png
[  53% ] _update_scan_actions | 243_ui_panel_odds.png
[  53% ] _update_scan_actions | 244_ui_signin.png
[  53% ] _update_scan_actions | 245_ui_exchange.png
[  53% ] _update_scan_actions | 246_ui_notice.png
[  53% ] _update_scan_actions | 247_ui_banner_event.png
[  53% ] _update_scan_actions | 248_ui_banner_gacha.png
[  53% ] _update_scan_actions | 249_rank_bronze.png
[  53% ] _update_scan_actions | 250_rank_silver.png
[  53% ] _update_scan_actions | 251_rank_gold.png
[  53% ] _update_scan_actions | 252_rank_platinum.png
[  53% ] _update_scan_actions | 253_rank_diamond.png
[  54% ] _update_scan_actions | 254_ui_panel_pvp_lobby.png
[  54% ] _update_scan_actions | 255_ui_panel_pvp_match.png
[  54% ] _update_scan_actions | 256_ui_panel_pvp_team.png
[  54% ] _update_scan_actions | 257_ui_panel_season.png
[  54% ] _update_scan_actions | 258_gem_atk_1.png
[  54% ] _update_scan_actions | 259_gem_atk_2.png
[  54% ] _update_scan_actions | 260_gem_atk_3.png
[  54% ] _update_scan_actions | 261_gem_atk_4.png
[  54% ] _update_scan_actions | 262_gem_atk_5.png
[  54% ] _update_scan_actions | 263_gem_def_1.png
[  54% ] _update_scan_actions | 264_gem_def_2.png
[  54% ] _update_scan_actions | 265_gem_def_3.png
[  54% ] _update_scan_actions | 266_gem_def_4.png
[  54% ] _update_scan_actions | 267_gem_def_5.png
[  54% ] _update_scan_actions | 268_gem_hp_1.png
[  55% ] _update_scan_actions | 269_gem_hp_2.png
[  55% ] _update_scan_actions | 270_gem_hp_3.png
[  55% ] _update_scan_actions | 271_gem_hp_4.png
[  55% ] _update_scan_actions | 272_gem_hp_5.png
[  55% ] _update_scan_actions | 273_cur_gold.png
[  55% ] _update_scan_actions | 274_cur_expedition.png
[  55% ] _update_scan_actions | 275_cur_soul.png
[  55% ] _update_scan_actions | 276_cur_honor.png
[  55% ] _update_scan_actions | 277_itm_pet_food.png
[  55% ] _update_scan_actions | 278_itm_aptitude_fruit.png
[  55% ] _update_scan_actions | 279_itm_enhance_stone.png
[  55% ] _update_scan_actions | 280_itm_refine_stone.png
[  55% ] _update_scan_actions | 281_itm_pet_book.png
[  55% ] _update_scan_actions | 282_itm_evolve_crystal.png
[  55% ] _update_scan_actions | 283_itm_break_crystal.png
[  56% ] _update_scan_actions | 284_itm_gold_shard.png
[  56% ] _update_scan_actions | 285_itm_ticket_ten.png
[  56% ] _update_scan_actions | 286_itm_ticket_sweep.png
[  56% ] _update_scan_actions | 287_itm_potion_hp_s.png
[  56% ] _update_scan_actions | 288_itm_potion_hp_m.png
[  56% ] _update_scan_actions | 289_itm_potion_hp_l.png
[  56% ] _update_scan_actions | 290_itm_energy_dew.png
[  56% ] _update_scan_actions | 291_itm_revive_feather.png
[  56% ] _update_scan_actions | 292_itm_iron_ore.png
[  56% ] _update_scan_actions | 293_itm_mithril.png
[  56% ] _update_scan_actions | 294_itm_dragon_scale.png
[  56% ] _update_scan_actions | 295_itm_magic_crystal.png
[  56% ] _update_scan_actions | 296_itm_herb.png
[  56% ] _update_scan_actions | 297_itm_antidote.png
[  56% ] _update_scan_actions | 298_itm_torch.png
[  57% ] _update_scan_actions | 299_itm_map_scrap.png
[  57% ] _update_scan_actions | 300_itm_lock_rune.png
[  57% ] _update_scan_actions | 301_ui_panel_talent.png
[  57% ] _update_scan_actions | 302_ui_panel_equip.png
[  57% ] _update_scan_actions | 303_ui_panel_refine.png
[  57% ] _update_scan_actions | 304_ui_panel_mount.png
[  57% ] _update_scan_actions | 305_ui_panel_title.png
[  57% ] _update_scan_actions | 306_ui_panel_skillbook.png
[  57% ] _update_scan_actions | 307_slot_sword.png
[  57% ] _update_scan_actions | 308_slot_spear.png
[  57% ] _update_scan_actions | 309_slot_staff.png
[  57% ] _update_scan_actions | 310_slot_hammer.png
[  57% ] _update_scan_actions | 311_slot_armor.png
[  57% ] _update_scan_actions | 312_slot_accessory.png
[  58% ] _update_scan_actions | 313_npc_merchant.png
[  58% ] _update_scan_actions | 314_npc_blacksmith.png
[  58% ] _update_scan_actions | 315_npc_courier.png
[  58% ] _update_scan_actions | 316_mount_horse.png
[  58% ] _update_scan_actions | 317_mount_horse_elite.png
[  58% ] _update_scan_actions | 318_mount_bear.png
[  58% ] _update_scan_actions | 319_mount_bear_elite.png
[  58% ] _update_scan_actions | 320_mount_griffin.png
[  58% ] _update_scan_actions | 321_mount_griffin_elite.png
[  58% ] _update_scan_actions | 322_mount_nightmare.png
[  58% ] _update_scan_actions | 323_mount_nightmare_elite.png
[  58% ] _update_scan_actions | 324_mount_woolyrhino.png
[  58% ] _update_scan_actions | 325_mount_woolyrhino_elite.png
[  58% ] _update_scan_actions | 326_mount_sandlizard.png
[  58% ] _update_scan_actions | 327_mount_sandlizard_elite.png
[  59% ] _update_scan_actions | 328_fx_mount_summon.png
[  59% ] _update_scan_actions | 329_icon_app.png
[  59% ] _update_scan_actions | 330_mkt_logo.png
[  59% ] _update_scan_actions | 331_mkt_splash.png
[  59% ] _update_scan_actions | 332_mkt_loading.png
[  59% ] _update_scan_actions | 333_mkt_store.png
[  59% ] _update_scan_actions | world_abyss.png
[  59% ] _update_scan_actions | world_castle.png
[  59% ] _update_scan_actions | world_desert.png
[  59% ] _update_scan_actions | world_forest.png
[  59% ] _update_scan_actions | world_glacier.png
[  59% ] _update_scan_actions | world_snow.png
[  59% ] _update_scan_actions | world_tomb.png
[  59% ] _update_scan_actions | world_volcano.png
[  59% ] _update_scan_actions | 334_world_forest.png
[  60% ] _update_scan_actions | 335_world_snow.png
[  60% ] _update_scan_actions | 336_world_volcano.png
[  60% ] _update_scan_actions | 337_world_tomb.png
[  60% ] _update_scan_actions | 338_world_desert.png
[  60% ] _update_scan_actions | 339_world_glacier.png
[  60% ] _update_scan_actions | 340_world_abyss.png
[  60% ] _update_scan_actions | 341_world_castle.png
[  60% ] _update_scan_actions | city_archive.png
[  60% ] _update_scan_actions | city_barracks.png
[  60% ] _update_scan_actions | city_forge.png
[  60% ] _update_scan_actions | city_gate.png
[  60% ] _update_scan_actions | city_hall.png
[  60% ] _update_scan_actions | city_kennel.png
[  60% ] _update_scan_actions | city_port_hall.png
[  61% ] _update_scan_actions | city_port_kennel.png
[  61% ] _update_scan_actions | city_port_market.png
[  61% ] _update_scan_actions | city_port_warehouse.png
[  61% ] _update_scan_actions | city_shrine.png
[  61% ] _update_scan_actions | city_storehouse.png
[  61% ] _update_scan_actions | mon_arena_dummy.png
[  61% ] _update_scan_actions | 342_npc_steward_portrait.png
[  61% ] _update_scan_actions | 343_npc_guard_portrait.png
[  61% ] _update_scan_actions | 344_npc_scribe_portrait.png
[  61% ] _update_scan_actions | 345_npc_child_portrait.png
[  61% ] _update_scan_actions | 346_npc_steward_idle_single.png
[  61% ] _update_scan_actions | 347_npc_guard_idle_single.png
[  61% ] _update_scan_actions | 348_npc_scribe_idle_single.png
[  61% ] _update_scan_actions | 349_npc_keeper_idle_single.png
[  61% ] _update_scan_actions | 350_npc_smith_idle_single.png
[  62% ] _update_scan_actions | 351_npc_warden_idle_single.png
[  62% ] _update_scan_actions | 352_npc_child_idle_single.png
[  62% ] _update_scan_actions | 353_npc_guest_idle_single.png
[  62% ] _update_scan_actions | 362_mon_arena_dummy.png
[  62% ] _update_scan_actions | 354_city_hall.png
[  62% ] _update_scan_actions | 355_city_gate.png
[  62% ] _update_scan_actions | 356_city_archive.png
[  62% ] _update_scan_actions | 357_city_kennel.png
[  62% ] _update_scan_actions | 358_city_barracks.png
[  62% ] _update_scan_actions | 359_city_storehouse.png
[  62% ] _update_scan_actions | 360_city_shrine.png
[  62% ] _update_scan_actions | 361_city_forge.png
[  62% ] _update_scan_actions | g_black_wind_camp.png
[  62% ] _update_scan_actions | g_lorin_wilds.png
[  62% ] _update_scan_actions | g_main_city.png
[  63% ] _update_scan_actions | g_mountain_pass.png
[  63% ] _update_scan_actions | g_title_background.png
[  63% ] _update_scan_actions | world_abyss.png
[  63% ] _update_scan_actions | world_castle.png
[  63% ] _update_scan_actions | world_desert.png
[  63% ] _update_scan_actions | world_forest.png
[  63% ] _update_scan_actions | world_glacier.png
[  63% ] _update_scan_actions | world_snow.png
[  63% ] _update_scan_actions | world_tomb.png
[  63% ] _update_scan_actions | world_volcano.png
[  63% ] _update_scan_actions | e_effect_area_spell_circle.png
[  63% ] _update_scan_actions | e_effect_blue_ice_burst.png
[  63% ] _update_scan_actions | e_effect_gold_holy_slash.png
[  63% ] _update_scan_actions | e_effect_gold_sword_rain.png
[  63% ] _update_scan_actions | e_effect_green_vine_ring.png
[  64% ] _update_scan_actions | e_effect_purple_void.png
[  64% ] _update_scan_actions | e_effect_red_claw_marks.png
[  64% ] _update_scan_actions | e_effect_white_lightning.png
[  64% ] _update_scan_actions | 001_tile_forest_1.png
[  64% ] _update_scan_actions | 002_tile_forest_2.png
[  64% ] _update_scan_actions | 003_tile_forest_3.png
[  64% ] _update_scan_actions | 004_tile_snow_1.png
[  64% ] _update_scan_actions | 005_tile_snow_2.png
[  64% ] _update_scan_actions | 006_tile_snow_3.png
[  64% ] _update_scan_actions | 007_tile_volcano_1.png
[  64% ] _update_scan_actions | 008_tile_volcano_2.png
[  64% ] _update_scan_actions | 009_tile_volcano_3.png
[  64% ] _update_scan_actions | 010_tile_tomb_1.png
[  64% ] _update_scan_actions | 011_tile_tomb_2.png
[  65% ] _update_scan_actions | 012_tile_tomb_3.png
[  65% ] _update_scan_actions | 013_tile_desert_1.png
[  65% ] _update_scan_actions | 014_tile_desert_2.png
[  65% ] _update_scan_actions | 015_tile_desert_3.png
[  65% ] _update_scan_actions | 016_tile_glacier_1.png
[  65% ] _update_scan_actions | 017_tile_glacier_2.png
[  65% ] _update_scan_actions | 018_tile_glacier_3.png
[  65% ] _update_scan_actions | 019_tile_abyss_1.png
[  65% ] _update_scan_actions | 020_tile_abyss_2.png
[  65% ] _update_scan_actions | 021_tile_abyss_3.png
[  65% ] _update_scan_actions | 022_tile_castle_1.png
[  65% ] _update_scan_actions | 023_tile_castle_2.png
[  65% ] _update_scan_actions | 024_tile_castle_3.png
[  65% ] _update_scan_actions | 025_tile_forest_path_sheet_00_15.png
[  65% ] _update_scan_actions | 028_deco_forest_tree.png
[  66% ] _update_scan_actions | 029_deco_forest_deadtree.png
[  66% ] _update_scan_actions | 030_deco_forest_rocks.png
[  66% ] _update_scan_actions | 031_deco_forest_shrub.png
[  66% ] _update_scan_actions | 032_deco_forest_grass.png
[  66% ] _update_scan_actions | 035_deco_snow_pine.png
[  66% ] _update_scan_actions | 037_deco_snow_snowdrift.png
[  66% ] _update_scan_actions | 038_deco_volcano_lavarock.png
[  66% ] _update_scan_actions | 045_deco_desert_sandstone.png
[  66% ] _update_scan_actions | h1_grass_map_anchor.png
[  66% ] _update_scan_actions | h2_grass_tileset.png
[  66% ] _update_scan_actions | h3_map_deco_atlas.png
[  66% ] _update_scan_actions | b_bandit.png
[  66% ] _update_scan_actions | b_monster_black_wind_chief.png
[  66% ] _update_scan_actions | b_monster_blood_bat.png
[  66% ] _update_scan_actions | b_monster_evil_wolf.png
[  67% ] _update_scan_actions | b_monster_fire_salamander.png
[  67% ] _update_scan_actions | b_monster_mud_monster.png
[  67% ] _update_scan_actions | b_monster_poison_python.png
[  67% ] _update_scan_actions | b_monster_puppet_guard.png
[  67% ] _update_scan_actions | b_monster_rock_eagle.png
[  67% ] _update_scan_actions | b_monster_skeleton_swordsman.png
[  67% ] _update_scan_actions | mon_ashimp.png
[  67% ] _update_scan_actions | mon_blackknight.png
[  67% ] _update_scan_actions | mon_boss_abyss.png
[  67% ] _update_scan_actions | mon_boss_castle.png
[  67% ] _update_scan_actions | mon_boss_desert.png
[  67% ] _update_scan_actions | mon_boss_glacier.png
[  67% ] _update_scan_actions | mon_boss_snow.png
[  67% ] _update_scan_actions | mon_boss_tomb.png
[  68% ] _update_scan_actions | mon_boss_volcano.png
[  68% ] _update_scan_actions | mon_cryptspider.png
[  68% ] _update_scan_actions | mon_cultist.png
[  68% ] _update_scan_actions | mon_frostguard.png
[  68% ] _update_scan_actions | mon_frostmage.png
[  68% ] _update_scan_actions | mon_frostwalrus.png
[  68% ] _update_scan_actions | mon_ghost.png
[  68% ] _update_scan_actions | mon_icespirit.png
[  68% ] _update_scan_actions | mon_magmagolem.png
[  68% ] _update_scan_actions | mon_mummy.png
[  68% ] _update_scan_actions | mon_plague.png
[  68% ] _update_scan_actions | mon_sandwyrm.png
[  68% ] _update_scan_actions | mon_scorp.png
[  68% ] _update_scan_actions | mon_shade.png
[  68% ] _update_scan_actions | mon_spider.png
[  69% ] _update_scan_actions | mon_traitor.png
[  69% ] _update_scan_actions | mon_treant.png
[  69% ] _update_scan_actions | mon_voidling.png
[  69% ] _update_scan_actions | mon_yeti.png
[  69% ] _update_scan_actions | c_mount_flame_steed2.png
[  69% ] _update_scan_actions | c_mount_flame_steed.png
[  69% ] _update_scan_actions | c_mount_frost_wolf2.png
[  69% ] _update_scan_actions | c_mount_frost_wolf.png
[  69% ] _update_scan_actions | c_mount_zq_bl2.png
[  69% ] _update_scan_actions | c_mount_zq_bl.png
[  69% ] _update_scan_actions | c_mount_zq_dyq2.png
[  69% ] _update_scan_actions | c_mount_zq_dyq.png
[  69% ] _update_scan_actions | c_mount_zq_jxl2.png
[  69% ] _update_scan_actions | c_mount_zq_jxl.png
[  69% ] _update_scan_actions | c_mount_zq_lxn2.png
[  70% ] _update_scan_actions | c_mount_zq_lxn.png
[  70% ] _update_scan_actions | c_mount_zq_mj2.png
[  70% ] _update_scan_actions | c_mount_zq_mj.png
[  70% ] _update_scan_actions | c_mount_zq_sj2.png
[  70% ] _update_scan_actions | c_mount_zq_sj.png
[  70% ] _update_scan_actions | d_pet_fire_fox.png
[  70% ] _update_scan_actions | d_pet_snow_mink.png
[  70% ] _update_scan_actions | d_pet_thunder_sparrow.png
[  70% ] _update_scan_actions | d_pet_turtle_chancellor.png
[  70% ] _update_scan_actions | pet_emberling.png
[  70% ] _update_scan_actions | pet_eyescat.png
[  70% ] _update_scan_actions | pet_foxfire.png
[  70% ] _update_scan_actions | pet_frostwolf.png
[  70% ] _update_scan_actions | pet_holydeer.png
[  70% ] _update_scan_actions | pet_rockturtle.png
[  71% ] _update_scan_actions | pet_shadowviper.png
[  71% ] _update_scan_actions | pet_thunderhawk.png
[  71% ] _update_scan_actions | a1_fs_nan_anchor.png
[  71% ] _update_scan_actions | a1_fs_nv_anchor.png
[  71% ] _update_scan_actions | a1_ls_nan_anchor.png
[  71% ] _update_scan_actions | a1_ls_nv_anchor.png
[  71% ] _update_scan_actions | a1_zs_nan_anchor.png
[  71% ] _update_scan_actions | a1_zs_nv_anchor.png
[  71% ] _update_scan_actions | a2_fs_nan_combat.png
[  71% ] _update_scan_actions | a2_fs_nv_combat.png
[  71% ] _update_scan_actions | a2_ls_nan_combat.png
[  71% ] _update_scan_actions | a2_ls_nv_combat.png
[  71% ] _update_scan_actions | a2_zs_nan_combat.png
[  71% ] _update_scan_actions | a2_zs_nv_combat.png
[  72% ] _update_scan_actions | a3_fs_walk_grid.png
[  72% ] _update_scan_actions | a3_ls_walk_grid.png
[  72% ] _update_scan_actions | a3_zs_walk_grid.png
[  72% ] _update_scan_actions | a4_fs_nan_avatar.png
[  72% ] _update_scan_actions | a4_fs_nv_avatar.png
[  72% ] _update_scan_actions | a4_ls_nan_avatar.png
[  72% ] _update_scan_actions | a4_ls_nv_avatar.png
[  72% ] _update_scan_actions | a4_zs_nan_avatar.png
[  72% ] _update_scan_actions | a4_zs_nv_avatar.png
[  72% ] _update_scan_actions | f1_button_disabled.png
[  72% ] _update_scan_actions | f1_button_hover.png
[  72% ] _update_scan_actions | f1_button_normal.png
[  72% ] _update_scan_actions | f1_button_pressed.png
[  72% ] _update_scan_actions | f2_plaque.png
[  72% ] _update_scan_actions | f3_panel_parchment.png
[  73% ] _update_scan_actions | f3_panel_wood.png
[  73% ] _update_scan_actions | f4_hp_frame.png
[  73% ] _update_scan_actions | f4_mp_frame.png
[  73% ] _update_scan_actions | f5_digits.png
[  73% ] _update_scan_actions | f6_icon_backpack.png
[  73% ] _update_scan_actions | f6_icon_mail.png
[  73% ] _update_scan_actions | f6_icon_mount.png
[  73% ] _update_scan_actions | f6_icon_pet.png
[  73% ] _update_scan_actions | f6_icon_quest.png
[  73% ] _update_scan_actions | f6_icon_settings.png
[  73% ] _update_scan_actions | f6_icon_shop.png
[  73% ] _update_scan_actions | f6_icon_social.png
[  73% ] _update_scan_actions | abyss_ring_ground_reference_v1.png
[  73% ] _update_scan_actions | board_texture_visual_v2.png
[  73% ] _update_scan_actions | city_archive_reference_v2.png
[  74% ] _update_scan_actions | city_barracks_reference_v2.png
[  74% ] _update_scan_actions | city_forge_reference_v2.png
[  74% ] _update_scan_actions | city_frost_guardhouse_reference_v2.png
[  74% ] _update_scan_actions | city_frost_lodge_reference_v2.png
[  74% ] _update_scan_actions | city_frost_supply_reference_v2.png
[  74% ] _update_scan_actions | city_gate_reference_v2.png
[  74% ] _update_scan_actions | city_hall_reference_v2.png
[  74% ] _update_scan_actions | city_kennel_reference_v2.png
[  74% ] _update_scan_actions | city_shrine_reference_v2.png
[  74% ] _update_scan_actions | city_storehouse_reference_v2.png
[  74% ] _update_scan_actions | classic_floor_reference_v1.png
[  74% ] _update_scan_actions | classic_floor_reference_v2.png
[  74% ] _update_scan_actions | frost_brazier_reference_v2.png
[  74% ] _update_scan_actions | frost_post_ground_reference_v2.png
[  75% ] _update_scan_actions | lorin_wilds_grass_v1.png
[  75% ] _update_scan_actions | lorin_wilds_grass_v2.png
[  75% ] _update_scan_actions | lorin_wilds_reference_v3.png
[  75% ] _update_scan_actions | lorin_wilds_reference_v4.png
[  75% ] _update_scan_actions | lorin_wilds_reference_v5.png
[  75% ] _update_scan_actions | lorin_wilds_reference_v6.png
[  75% ] _update_scan_actions | mon_lost_beast.png
[  75% ] _update_scan_actions | mon_salt_crab.png
[  75% ] _update_scan_actions | mon_salt_scale.png
[  75% ] _update_scan_actions | mon_shadow_wolf.png
[  75% ] _update_scan_actions | mon_stele_warden.png
[  75% ] _update_scan_actions | mon_tidal_guard.png
[  75% ] _update_scan_actions | mon_tide_priest.png
[  75% ] _update_scan_actions | mon_wolf_reference_v2.png
[  75% ] _update_scan_actions | mon_zombie_reference_v2.png
[  76% ] _update_scan_actions | npc_frost_envoy_idle_reference_v2.png
[  76% ] _update_scan_actions | npc_frost_guard_idle_reference_v2.png
[  76% ] _update_scan_actions | npc_frost_miner_idle_reference_v2.png
[  76% ] _update_scan_actions | rail_texture_visual_v2.png
[  76% ] _update_scan_actions | shenyuan_port_ground_reference_v2.png
[  76% ] _update_scan_actions | 001_tile_forest_1.png
[  76% ] _update_scan_actions | 002_tile_forest_2.png
[  76% ] _update_scan_actions | 003_tile_forest_3.png
[  76% ] _update_scan_actions | 004_tile_snow_1.png
[  76% ] _update_scan_actions | 005_tile_snow_2.png
[  76% ] _update_scan_actions | 006_tile_snow_3.png
[  76% ] _update_scan_actions | 007_tile_volcano_1.png
[  76% ] _update_scan_actions | 008_tile_volcano_2.png
[  76% ] _update_scan_actions | 009_tile_volcano_3.png
[  76% ] _update_scan_actions | 010_tile_tomb_1.png
[  77% ] _update_scan_actions | 011_tile_tomb_2.png
[  77% ] _update_scan_actions | 012_tile_tomb_3.png
[  77% ] _update_scan_actions | 013_tile_desert_1.png
[  77% ] _update_scan_actions | 014_tile_desert_2.png
[  77% ] _update_scan_actions | 015_tile_desert_3.png
[  77% ] _update_scan_actions | 016_tile_glacier_1.png
[  77% ] _update_scan_actions | 017_tile_glacier_2.png
[  77% ] _update_scan_actions | 018_tile_glacier_3.png
[  77% ] _update_scan_actions | 019_tile_abyss_1.png
[  77% ] _update_scan_actions | 020_tile_abyss_2.png
[  77% ] _update_scan_actions | 021_tile_abyss_3.png
[  77% ] _update_scan_actions | 022_tile_castle_1.png
[  77% ] _update_scan_actions | 023_tile_castle_2.png
[  77% ] _update_scan_actions | 024_tile_castle_3.png
[  77% ] _update_scan_actions | tomb_3x3_preview.png
[  78% ] _update_scan_actions | 001_tile_forest_1.png
[  78% ] _update_scan_actions | 002_tile_forest_2.png
[  78% ] _update_scan_actions | 003_tile_forest_3.png
[  78% ] _update_scan_actions | 004_tile_snow_1.png
[  78% ] _update_scan_actions | 005_tile_snow_2.png
[  78% ] _update_scan_actions | 006_tile_snow_3.png
[  78% ] _update_scan_actions | 007_tile_volcano_1.png
[  78% ] _update_scan_actions | 008_tile_volcano_2.png
[  78% ] _update_scan_actions | 009_tile_volcano_3.png
[  78% ] _update_scan_actions | 010_tile_tomb_1.png
[  78% ] _update_scan_actions | 011_tile_tomb_2.png
[  78% ] _update_scan_actions | 012_tile_tomb_3.png
[  78% ] _update_scan_actions | 013_tile_desert_1.png
[  78% ] _update_scan_actions | 014_tile_desert_2.png
[  79% ] _update_scan_actions | 015_tile_desert_3.png
[  79% ] _update_scan_actions | 016_tile_glacier_1.png
[  79% ] _update_scan_actions | 017_tile_glacier_2.png
[  79% ] _update_scan_actions | 018_tile_glacier_3.png
[  79% ] _update_scan_actions | 019_tile_abyss_1.png
[  79% ] _update_scan_actions | 020_tile_abyss_2.png
[  79% ] _update_scan_actions | 021_tile_abyss_3.png
[  79% ] _update_scan_actions | 022_tile_castle_1.png
[  79% ] _update_scan_actions | 023_tile_castle_2.png
[  79% ] _update_scan_actions | 024_tile_castle_3.png
[  79% ] _update_scan_actions | 025_tile_forest_path_sheet_00_15.png
[  79% ] _update_scan_actions | 026_tile_snow_path_sheet_00_15.png
[  79% ] _update_scan_actions | 027_tile_volcano_lava_sheet_00_15.png
[  79% ] _update_scan_actions | 028_deco_forest_tree.png
[  79% ] _update_scan_actions | 029_deco_forest_deadtree.png
[  80% ] _update_scan_actions | 030_deco_forest_rocks.png
[  80% ] _update_scan_actions | 031_deco_forest_shrub.png
[  80% ] _update_scan_actions | 032_deco_forest_grass.png
[  80% ] _update_scan_actions | 033_deco_forest_ruin.png
[  80% ] _update_scan_actions | 034_deco_forest_bones.png
[  80% ] _update_scan_actions | 035_deco_snow_pine.png
[  80% ] _update_scan_actions | 036_deco_snow_icecrystal.png
[  80% ] _update_scan_actions | 037_deco_snow_snowdrift.png
[  80% ] _update_scan_actions | 038_deco_volcano_lavarock.png
[  80% ] _update_scan_actions | 039_deco_volcano_bones.png
[  80% ] _update_scan_actions | 040_deco_volcano_geyser.png
[  80% ] _update_scan_actions | 041_deco_tomb_gravestone.png
[  80% ] _update_scan_actions | 042_deco_tomb_coffin.png
[  80% ] _update_scan_actions | 043_deco_tomb_brazier.png
[  80% ] _update_scan_actions | 044_deco_desert_cactus.png
[  81% ] _update_scan_actions | 045_deco_desert_sandstone.png
[  81% ] _update_scan_actions | 046_deco_desert_drywell.png
[  81% ] _update_scan_actions | 047_deco_glacier_icespire.png
[  81% ] _update_scan_actions | 001_tile_forest_1.png
[  81% ] _update_scan_actions | 002_tile_forest_2.png
[  81% ] _update_scan_actions | 003_tile_forest_3.png
[  81% ] _update_scan_actions | 004_tile_snow_1.png
[  81% ] _update_scan_actions | 005_tile_snow_2.png
[  81% ] _update_scan_actions | 006_tile_snow_3.png
[  81% ] _update_scan_actions | 007_tile_volcano_1.png
[  81% ] _update_scan_actions | 008_tile_volcano_2.png
[  81% ] _update_scan_actions | 009_tile_volcano_3.png
[  81% ] _update_scan_actions | 010_tile_tomb_1.png
[  81% ] _update_scan_actions | 011_tile_tomb_2.png
[  81% ] _update_scan_actions | 012_tile_tomb_3.png
[  82% ] _update_scan_actions | 013_tile_desert_1.png
[  82% ] _update_scan_actions | 014_tile_desert_2.png
[  82% ] _update_scan_actions | 015_tile_desert_3.png
[  82% ] _update_scan_actions | 016_tile_glacier_1.png
[  82% ] _update_scan_actions | 017_tile_glacier_2.png
[  82% ] _update_scan_actions | 018_tile_glacier_3.png
[  82% ] _update_scan_actions | 019_tile_abyss_1.png
[  82% ] _update_scan_actions | 020_tile_abyss_2.png
[  82% ] _update_scan_actions | 021_tile_abyss_3.png
[  82% ] _update_scan_actions | 022_tile_castle_1.png
[  82% ] _update_scan_actions | 023_tile_castle_2.png
[  82% ] _update_scan_actions | 024_tile_castle_3.png
[  82% ] _update_scan_actions | 025_tile_forest_path_sheet_00_15.png
[  82% ] _update_scan_actions | 026_tile_snow_path_sheet_00_15.png
[  83% ] _update_scan_actions | 027_tile_volcano_lava_sheet_00_15.png
[  83% ] _update_scan_actions | 028_deco_forest_tree.png
[  83% ] _update_scan_actions | 029_deco_forest_deadtree.png
[  83% ] _update_scan_actions | 030_deco_forest_rocks.png
[  83% ] _update_scan_actions | 031_deco_forest_shrub.png
[  83% ] _update_scan_actions | 032_deco_forest_grass.png
[  83% ] _update_scan_actions | 033_deco_forest_ruin.png
[  83% ] _update_scan_actions | 034_deco_forest_bones.png
[  83% ] _update_scan_actions | 035_deco_snow_pine.png
[  83% ] _update_scan_actions | 036_deco_snow_icecrystal.png
[  83% ] _update_scan_actions | 037_deco_snow_snowdrift.png
[  83% ] _update_scan_actions | 038_deco_volcano_lavarock.png
[  83% ] _update_scan_actions | 039_deco_volcano_bones.png
[  83% ] _update_scan_actions | 040_deco_volcano_geyser.png
[  83% ] _update_scan_actions | 041_deco_tomb_gravestone.png
[  84% ] _update_scan_actions | 042_deco_tomb_coffin.png
[  84% ] _update_scan_actions | 043_deco_tomb_brazier.png
[  84% ] _update_scan_actions | 044_deco_desert_cactus.png
[  84% ] _update_scan_actions | 045_deco_desert_sandstone.png
[  84% ] _update_scan_actions | 046_deco_desert_drywell.png
[  84% ] _update_scan_actions | 047_deco_glacier_icespire.png
[  84% ] _update_scan_actions | first_horse_ck.png
[  84% ] _update_scan_actions | first_horse_fs.png
[  84% ] _update_scan_actions | first_horse_fz.png
[  84% ] _update_scan_actions | first_horse_zs.png
[  84% ] _update_scan_actions | chuanyang_animation_grid_source.png
[  84% ] _update_scan_actions | chuanyang_walk4_keyframes_v4.png
[  84% ] _update_scan_actions | chuanyang_walk4_keyframes_v4_alpha.png
[  84% ] _update_scan_actions | chuanyang_walk_4dir_edit_v2.png
[  84% ] _update_scan_actions | chuanyang_walk_4dir_raw_v1.png
[  85% ] _update_scan_actions | chuanyang_walk_4dir_raw_v1_alpha.png
[  85% ] _update_scan_actions | chuanyang_walk_before_v6.png
[  85% ] _update_scan_actions | chuanyang_walk_before_v7.png
[  85% ] _update_scan_actions | chuanyang_walk_before_v8.png
[  85% ] _update_scan_actions | chuanyang_walk_down_strip_v5.png
[  85% ] _update_scan_actions | chuanyang_walk_down_strip_v5_alpha.png
[  85% ] _update_scan_actions | chuanyang_walk_left_strip_v5.png
[  85% ] _update_scan_actions | chuanyang_walk_left_strip_v5_alpha.png
[  85% ] _update_scan_actions | chuanyang_walk_right_strip_v5.png
[  85% ] _update_scan_actions | chuanyang_walk_right_strip_v5_alpha.png
[  85% ] _update_scan_actions | chuanyang_walk_side_v7.png
[  85% ] _update_scan_actions | chuanyang_walk_side_v8.png
[  85% ] _update_scan_actions | chuanyang_walk_side_v9.png
[  85% ] _update_scan_actions | chuanyang_walk_up_strip_v5.png
[  86% ] _update_scan_actions | chuanyang_walk_up_strip_v5_alpha.png
[  86% ] _update_scan_actions | chuanyang_walk_v6.png
[  86% ] _update_scan_actions | chuanyang_walk_v10.png
[  86% ] _update_scan_actions | chuanyang_walk_v13.png
[  86% ] _update_scan_actions | chuanyang_icon.png
[  86% ] _update_scan_actions | chuanyang_idle.png
[  86% ] _update_scan_actions | chuanyang_sheet.png
[  86% ] _update_scan_actions | chuanyang_spritesheet.png
[  86% ] _update_scan_actions | chuanyang_walk_4dir.png
[  86% ] _update_scan_actions | shuangyu_animation_grid_source.png
[  86% ] _update_scan_actions | shuangyu_walk4_keyframes_v4.png
[  86% ] _update_scan_actions | shuangyu_walk4_keyframes_v4_alpha.png
[  86% ] _update_scan_actions | shuangyu_walk_4dir_edit_v2.png
[  86% ] _update_scan_actions | shuangyu_walk_4dir_edit_v2_alpha.png
[  86% ] _update_scan_actions | shuangyu_walk_4dir_raw_v1.png
[  87% ] _update_scan_actions | shuangyu_walk_4dir_raw_v1_alpha.png
[  87% ] _update_scan_actions | shuangyu_walk_before_v6.png
[  87% ] _update_scan_actions | shuangyu_walk_before_v7.png
[  87% ] _update_scan_actions | shuangyu_walk_before_v8.png
[  87% ] _update_scan_actions | shuangyu_walk_down_strip_v5.png
[  87% ] _update_scan_actions | shuangyu_walk_down_strip_v5_alpha.png
[  87% ] _update_scan_actions | shuangyu_walk_left_strip_v5.png
[  87% ] _update_scan_actions | shuangyu_walk_left_strip_v5_alpha.png
[  87% ] _update_scan_actions | shuangyu_walk_right_strip_v5.png
[  87% ] _update_scan_actions | shuangyu_walk_right_strip_v5_alpha.png
[  87% ] _update_scan_actions | shuangyu_walk_side_v7.png
[  87% ] _update_scan_actions | shuangyu_walk_side_v8.png
[  87% ] _update_scan_actions | shuangyu_walk_up_strip_v5.png
[  87% ] _update_scan_actions | shuangyu_walk_up_strip_v5_alpha.png
[  87% ] _update_scan_actions | shuangyu_walk_v6.png
[  88% ] _update_scan_actions | shuangyu_walk_v10.png
[  88% ] _update_scan_actions | shuangyu_walk_v13.png
[  88% ] _update_scan_actions | shuangyu_walk_video_v15.png
[  88% ] _update_scan_actions | shuangyu_walk_video_v15_cleanup.png
[  88% ] _update_scan_actions | shuangyu_icon.png
[  88% ] _update_scan_actions | shuangyu_idle.png
[  88% ] _update_scan_actions | shuangyu_spritesheet.png
[  88% ] _update_scan_actions | shuangyu_walk_4dir.png
[  88% ] _update_scan_actions | chenxing_animation_grid_source.png
[  88% ] _update_scan_actions | chenxing_icon_reference_v2.png
[  88% ] _update_scan_actions | chenxing_idle_reference_v2.png
[  88% ] _update_scan_actions | chenxing_walk4_keyframes_v4.png
[  88% ] _update_scan_actions | chenxing_walk4_keyframes_v4_alpha.png
[  88% ] _update_scan_actions | chenxing_walk_4dir_edit_v2.png
[  88% ] _update_scan_actions | chenxing_walk_4dir_raw_v1.png
[  89% ] _update_scan_actions | chenxing_walk_4dir_raw_v1_alpha.png
[  89% ] _update_scan_actions | chenxing_walk_before_v6.png
[  89% ] _update_scan_actions | chenxing_walk_before_v7.png
[  89% ] _update_scan_actions | chenxing_walk_before_v8.png
[  89% ] _update_scan_actions | chenxing_walk_down_strip_v5.png
[  89% ] _update_scan_actions | chenxing_walk_down_strip_v5_alpha.png
[  89% ] _update_scan_actions | chenxing_walk_left_strip_v5.png
[  89% ] _update_scan_actions | chenxing_walk_left_strip_v5_alpha.png
[  89% ] _update_scan_actions | chenxing_walk_right_strip_v5.png
[  89% ] _update_scan_actions | chenxing_walk_right_strip_v5_alpha.png
[  89% ] _update_scan_actions | chenxing_walk_side_v7.png
[  89% ] _update_scan_actions | chenxing_walk_side_v8.png
[  89% ] _update_scan_actions | chenxing_walk_up_strip_v5.png
[  89% ] _update_scan_actions | chenxing_walk_up_strip_v5_alpha.png
[  90% ] _update_scan_actions | chenxing_walk_v6.png
[  90% ] _update_scan_actions | chenxing_walk_v10.png
[  90% ] _update_scan_actions | chenxing_walk_v13.png
[  90% ] _update_scan_actions | chenxing_icon.png
[  90% ] _update_scan_actions | chenxing_idle.png
[  90% ] _update_scan_actions | chenxing_sheet.png
[  90% ] _update_scan_actions | chenxing_spritesheet.png
[  90% ] _update_scan_actions | chenxing_walk_4dir.png
[  90% ] _update_scan_actions | chenxing_frames.png
[  90% ] _update_scan_actions | chuanyang_frames.png
[  90% ] _update_scan_actions | pojun_frames.png
[  90% ] _update_scan_actions | shuangyu_frames.png
[  90% ] _update_scan_actions | chenxing_frames.png
[  90% ] _update_scan_actions | chuanyang_frames.png
[  90% ] _update_scan_actions | pojun_frames.png
[  91% ] _update_scan_actions | shuangyu_frames.png
[  91% ] _update_scan_actions | chenxing_frames.png
[  91% ] _update_scan_actions | chuanyang_frames.png
[  91% ] _update_scan_actions | pojun_frames.png
[  91% ] _update_scan_actions | shuangyu_frames.png
[  91% ] _update_scan_actions | chenxing_sheet.png
[  91% ] _update_scan_actions | chuanyang_sheet.png
[  91% ] _update_scan_actions | pojun_sheet.png
[  91% ] _update_scan_actions | shuangyu_sheet.png
[  91% ] _update_scan_actions | side_review.png
[  91% ] _update_scan_actions | chenxing_candidate.png
[  91% ] _update_scan_actions | chuanyang_candidate.png
[  91% ] _update_scan_actions | pojun_candidate.png
[  91% ] _update_scan_actions | shuangyu_candidate.png
[  91% ] _update_scan_actions | side_review.png
[  92% ] _update_scan_actions | pojun_candidate.png
[  92% ] _update_scan_actions | all_roles_4dir_preview.png
[  92% ] _update_scan_actions | chenxing_sheet.png
[  92% ] _update_scan_actions | chuanyang_sheet.png
[  92% ] _update_scan_actions | pojun_sheet.png
[  92% ] _update_scan_actions | shuangyu_sheet.png
[  92% ] _update_scan_actions | sides_zoom.png
[  92% ] _update_scan_actions | sides_zoom_clean.png
[  92% ] _update_scan_actions | side_frame0.png
[  92% ] _update_scan_actions | all_roles_4dir_preview.png
[  92% ] _update_scan_actions | chenxing_sheet.png
[  92% ] _update_scan_actions | chuanyang_sheet.png
[  92% ] _update_scan_actions | pojun_sheet.png
[  92% ] _update_scan_actions | shuangyu_sheet.png
[  93% ] _update_scan_actions | v12_side_rows.png
[  93% ] _update_scan_actions | walk_preview_phases.png
[  93% ] _update_scan_actions | all_roles.png
[  93% ] _update_scan_actions | chenxing_sheet.png
[  93% ] _update_scan_actions | chuanyang_sheet.png
[  93% ] _update_scan_actions | pojun_sheet.png
[  93% ] _update_scan_actions | shuangyu_sheet.png
[  93% ] _update_scan_actions | sides_zoom_clean.png
[  93% ] _update_scan_actions | chenxing_sheet.png
[  93% ] _update_scan_actions | chuanyang_sheet.png
[  93% ] _update_scan_actions | frontback_packed.png
[  93% ] _update_scan_actions | frontback_raw.png
[  93% ] _update_scan_actions | front_side_feet_detail.png
[  93% ] _update_scan_actions | pojun_sheet.png
[  93% ] _update_scan_actions | shuangyu_sheet.png
[  94% ] _update_scan_actions | side_walk_preview_phases.png
[  94% ] _update_scan_actions | walk_preview_phases.png
[  94% ] _update_scan_actions | chenxing_contact_4x4_test.png
[  94% ] _update_scan_actions | chenxing_contact_4x4_v14_test.png
[  94% ] _update_scan_actions | chenxing_contact_6x4.png
[  94% ] _update_scan_actions | chenxing_optflow_test.png
[  94% ] _update_scan_actions | chenxing_sheet_4x4_masktest2.png
[  94% ] _update_scan_actions | chenxing_sheet_4x4_test.png
[  94% ] _update_scan_actions | chenxing_sheet_4x4_v14_test.png
[  94% ] _update_scan_actions | chuanyang_contact_4x4_test.png
[  94% ] _update_scan_actions | chuanyang_contact_4x4_v14_test.png
[  94% ] _update_scan_actions | chuanyang_contact_6x4.png
[  94% ] _update_scan_actions | chuanyang_optflow_test.png
[  94% ] _update_scan_actions | chuanyang_right0_grid.png
[  94% ] _update_scan_actions | chuanyang_sheet_4x4_masktest2.png
[  95% ] _update_scan_actions | chuanyang_sheet_4x4_test.png
[  95% ] _update_scan_actions | chuanyang_sheet_4x4_v14_test.png
[  95% ] _update_scan_actions | pojun_contact_4x4_test.png
[  95% ] _update_scan_actions | pojun_contact_4x4_v14_test.png
[  95% ] _update_scan_actions | pojun_contact_6x4.png
[  95% ] _update_scan_actions | pojun_down_contact.png
[  95% ] _update_scan_actions | pojun_left_0_2_grid.png
[  95% ] _update_scan_actions | pojun_optflow_test.png
[  95% ] _update_scan_actions | pojun_sheet_4x4_masktest2.png
[  95% ] _update_scan_actions | pojun_sheet_4x4_test.png
[  95% ] _update_scan_actions | pojun_sheet_4x4_v14_test.png
[  95% ] _update_scan_actions | pojun_side_mask_test.png
[  95% ] _update_scan_actions | pojun_side_onefoot_test.png
[  95% ] _update_scan_actions | pojun_side_v5_contact.png
[  95% ] _update_scan_actions | shuangyu_contact_4x4_test.png
[  96% ] _update_scan_actions | shuangyu_contact_4x4_v14_test.png
[  96% ] _update_scan_actions | shuangyu_contact_6x4.png
[  96% ] _update_scan_actions | shuangyu_optflow_test.png
[  96% ] _update_scan_actions | shuangyu_sheet_4x4_masktest2.png
[  96% ] _update_scan_actions | shuangyu_sheet_4x4_test.png
[  96% ] _update_scan_actions | shuangyu_sheet_4x4_v14_test.png
[  96% ] _update_scan_actions | walk_preview_v14_candidate_phases.png
[  96% ] _update_scan_actions | pojun_walk4_keyframes_v4.png
[  96% ] _update_scan_actions | pojun_walk4_keyframes_v4_alpha.png
[  96% ] _update_scan_actions | pojun_walk_4dir_edit_v2.png
[  96% ] _update_scan_actions | pojun_walk_4dir_raw_v1.png
[  96% ] _update_scan_actions | pojun_walk_4dir_raw_v1_alpha.png
[  96% ] _update_scan_actions | pojun_walk_4dir_reference_v3.png
[  96% ] _update_scan_actions | pojun_walk_4dir_reference_v3_alpha.png
[  97% ] _update_scan_actions | pojun_walk_before_v6.png
[  97% ] _update_scan_actions | pojun_walk_before_v7.png
[  97% ] _update_scan_actions | pojun_walk_before_v8.png
[  97% ] _update_scan_actions | pojun_walk_down_strip_v5.png
[  97% ] _update_scan_actions | pojun_walk_down_strip_v5_alpha.png
[  97% ] _update_scan_actions | pojun_walk_left_strip_v5.png
[  97% ] _update_scan_actions | pojun_walk_left_strip_v5_alpha.png
[  97% ] _update_scan_actions | pojun_walk_right_strip_v5.png
[  97% ] _update_scan_actions | pojun_walk_right_strip_v5_alpha.png
[  97% ] _update_scan_actions | pojun_walk_side_v7.png
[  97% ] _update_scan_actions | pojun_walk_side_v8.png
[  97% ] _update_scan_actions | pojun_walk_side_v9.png
[  97% ] _update_scan_actions | pojun_walk_up_strip_v5.png
[  97% ] _update_scan_actions | pojun_walk_up_strip_v5_alpha.png
[  97% ] _update_scan_actions | pojun_walk_v6.png
[  98% ] _update_scan_actions | pojun_walk_v10.png
[  98% ] _update_scan_actions | pojun_walk_v13.png
[  98% ] _update_scan_actions | pojun_icon.png
[  98% ] _update_scan_actions | pojun_idle.png
[  98% ] _update_scan_actions | pojun_sheet.png
[  98% ] _update_scan_actions | pojun_spritesheet.png
[  98% ] _update_scan_actions | pojun_walk_4dir.png
[  98% ] _update_scan_actions | city_port_hall.png
[  98% ] _update_scan_actions | city_port_kennel.png
[  98% ] _update_scan_actions | city_port_market.png
[  98% ] _update_scan_actions | city_port_warehouse.png
[  98% ] _update_scan_actions | mon_salt_crab.png
[  98% ] _update_scan_actions | npc_harbormaster_idle.png
[  98% ] _update_scan_actions | npc_port_keeper_idle.png
[  98% ] _update_scan_actions | npc_port_trader_idle.png
[  99% ] _update_scan_actions | npc_port_worker_idle.png
[  99% ] _update_scan_actions | itm_frost_letter.svg
[  99% ] _update_scan_actions | itm_frost_nameplate.svg
[  99% ] _update_scan_actions | itm_frost_parcel.svg
[  99% ] _update_scan_actions | itm_frost_reply.svg
[  99% ] _update_scan_actions | itm_gate_stamp.svg
[  99% ] _update_scan_actions | itm_mine_record.svg
[  99% ] _update_scan_actions | itm_veil_seal.svg
[  99% ] _update_scan_actions | mon_frost_eye.svg
[  99% ] _update_scan_actions | mon_redsand_guard.png
[  99% ] _update_scan_actions | mon_snowveil_lord.png
[  99% ] _update_scan_actions | expedition_wordmark_v1.png
[  99% ] _update_scan_actions | icon.svg
[ DONE ] _update_scan_actions

[   0% ] reimport | Started 正在导入或重新导入资产 (1470 steps)
[   0% ] reimport | 正在准备重新导入文件……
[   0% ] reimport | 正在准备重新导入文件……
[   0% ] reimport | 正在准备重新导入文件……
[   0% ] reimport | 正在准备重新导入文件……
[   0% ] reimport | 正在准备重新导入文件……
[   0% ] reimport | 正在准备重新导入文件……
[   0% ] reimport | 正在准备重新导入文件……
[   0% ] reimport | 正在准备重新导入文件……
[   0% ] reimport | 正在准备重新导入文件……
[   0% ] reimport | 正在准备重新导入文件……
[   0% ] reimport | 正在准备重新导入文件……
[   0% ] reimport | 正在准备重新导入文件……
[   0% ] reimport | 正在准备重新导入文件……
[   0% ] reimport | 正在准备重新导入文件……
[   0% ] reimport | 正在准备重新导入文件……
[   1% ] reimport | 正在准备重新导入文件……
[   1% ] reimport | 正在准备重新导入文件……
[   1% ] reimport | 正在准备重新导入文件……
[   1% ] reimport | 正在准备重新导入文件……
[   1% ] reimport | 正在准备重新导入文件……
[   1% ] reimport | 正在准备重新导入文件……
[   1% ] reimport | 正在准备重新导入文件……
[   1% ] reimport | 正在准备重新导入文件……
[   1% ] reimport | 正在准备重新导入文件……
[   1% ] reimport | 正在准备重新导入文件……
[   1% ] reimport | 正在准备重新导入文件……
[   1% ] reimport | 正在准备重新导入文件……
[   1% ] reimport | 正在准备重新导入文件……
[   1% ] reimport | 正在准备重新导入文件……
[   1% ] reimport | 正在准备重新导入文件……
[   2% ] reimport | 正在准备重新导入文件……
[   2% ] reimport | 正在准备重新导入文件……
[   2% ] reimport | 正在准备重新导入文件……
[   2% ] reimport | 正在准备重新导入文件……
[   2% ] reimport | 正在准备重新导入文件……
[   2% ] reimport | 正在准备重新导入文件……
[   2% ] reimport | 正在准备重新导入文件……
[   2% ] reimport | 正在准备重新导入文件……
[   2% ] reimport | 正在准备重新导入文件……
[   2% ] reimport | 正在准备重新导入文件……
[   2% ] reimport | 正在准备重新导入文件……
[   2% ] reimport | 正在准备重新导入文件……
[   2% ] reimport | 正在准备重新导入文件……
[   2% ] reimport | 正在准备重新导入文件……
[   2% ] reimport | 正在准备重新导入文件……
[   3% ] reimport | 正在准备重新导入文件……
[   3% ] reimport | 正在准备重新导入文件……
[   3% ] reimport | 正在准备重新导入文件……
[   3% ] reimport | 正在准备重新导入文件……
[   3% ] reimport | 正在准备重新导入文件……
[   3% ] reimport | 正在准备重新导入文件……
[   3% ] reimport | 正在准备重新导入文件……
[   3% ] reimport | 正在准备重新导入文件……
[   3% ] reimport | 正在准备重新导入文件……
[   3% ] reimport | 正在准备重新导入文件……
[   3% ] reimport | 正在准备重新导入文件……
[   3% ] reimport | 正在准备重新导入文件……
[   3% ] reimport | 正在准备重新导入文件……
[   3% ] reimport | 正在准备重新导入文件……
[   4% ] reimport | 正在准备重新导入文件……
[   4% ] reimport | 正在准备重新导入文件……
[   4% ] reimport | 正在准备重新导入文件……
[   4% ] reimport | 正在准备重新导入文件……
[   4% ] reimport | 正在准备重新导入文件……
[   4% ] reimport | 正在准备重新导入文件……
[   4% ] reimport | 正在准备重新导入文件……
[   4% ] reimport | 正在准备重新导入文件……
[   4% ] reimport | 正在准备重新导入文件……
[   4% ] reimport | 正在准备重新导入文件……
[   4% ] reimport | 正在准备重新导入文件……
[   4% ] reimport | 正在准备重新导入文件……
[   4% ] reimport | 正在准备重新导入文件……
[   4% ] reimport | 正在准备重新导入文件……
[   4% ] reimport | 正在准备重新导入文件……
[   5% ] reimport | 正在准备重新导入文件……
[   5% ] reimport | 正在准备重新导入文件……
[   5% ] reimport | 正在准备重新导入文件……
[   5% ] reimport | 正在准备重新导入文件……
[   5% ] reimport | 正在准备重新导入文件……
[   5% ] reimport | 正在准备重新导入文件……
[   5% ] reimport | 正在准备重新导入文件……
[   5% ] reimport | 正在准备重新导入文件……
[   5% ] reimport | 正在准备重新导入文件……
[   5% ] reimport | 正在准备重新导入文件……
[   5% ] reimport | 正在准备重新导入文件……
[   5% ] reimport | 正在准备重新导入文件……
[   5% ] reimport | 正在准备重新导入文件……
[   5% ] reimport | 正在准备重新导入文件……
[   5% ] reimport | 正在准备重新导入文件……
[   6% ] reimport | 正在准备重新导入文件……
[   6% ] reimport | 正在准备重新导入文件……
[   6% ] reimport | 正在准备重新导入文件……
[   6% ] reimport | 正在准备重新导入文件……
[   6% ] reimport | 正在准备重新导入文件……
[   6% ] reimport | 正在准备重新导入文件……
[   6% ] reimport | 正在准备重新导入文件……
[   6% ] reimport | 正在准备重新导入文件……
[   6% ] reimport | 正在准备重新导入文件……
[   6% ] reimport | 正在准备重新导入文件……
[   6% ] reimport | 正在准备重新导入文件……
[   6% ] reimport | 正在准备重新导入文件……
[   6% ] reimport | 正在准备重新导入文件……
[   6% ] reimport | 正在准备重新导入文件……
[   7% ] reimport | 正在准备重新导入文件……
[   7% ] reimport | 正在准备重新导入文件……
[   7% ] reimport | 正在准备重新导入文件……
[   7% ] reimport | 正在准备重新导入文件……
[   7% ] reimport | 正在准备重新导入文件……
[   7% ] reimport | 正在准备重新导入文件……
[   7% ] reimport | 正在准备重新导入文件……
[   7% ] reimport | 正在准备重新导入文件……
[   7% ] reimport | 正在准备重新导入文件……
[   7% ] reimport | 正在准备重新导入文件……
[   7% ] reimport | 正在准备重新导入文件……
[   7% ] reimport | 正在准备重新导入文件……
[   7% ] reimport | 正在准备重新导入文件……
[   7% ] reimport | 正在准备重新导入文件……
[   7% ] reimport | 正在准备重新导入文件……
[   8% ] reimport | 正在准备重新导入文件……
[   8% ] reimport | 正在准备重新导入文件……
[   8% ] reimport | 正在准备重新导入文件……
[   8% ] reimport | 正在准备重新导入文件……
[   8% ] reimport | 正在准备重新导入文件……
[   8% ] reimport | 正在准备重新导入文件……
[   8% ] reimport | 正在准备重新导入文件……
[   8% ] reimport | 正在准备重新导入文件……
[   8% ] reimport | 正在准备重新导入文件……
[   8% ] reimport | 正在准备重新导入文件……
[   8% ] reimport | 正在准备重新导入文件……
[   8% ] reimport | 正在准备重新导入文件……
[   8% ] reimport | 正在准备重新导入文件……
[   8% ] reimport | 正在准备重新导入文件……
[   8% ] reimport | 正在准备重新导入文件……
[   9% ] reimport | 正在准备重新导入文件……
[   9% ] reimport | 正在准备重新导入文件……
[   9% ] reimport | 正在准备重新导入文件……
[   9% ] reimport | 正在准备重新导入文件……
[   9% ] reimport | 正在准备重新导入文件……
[   9% ] reimport | 正在准备重新导入文件……
[   9% ] reimport | 正在准备重新导入文件……
[   9% ] reimport | 正在准备重新导入文件……
[   9% ] reimport | 正在准备重新导入文件……
[   9% ] reimport | 正在准备重新导入文件……
[   9% ] reimport | 正在准备重新导入文件……
[   9% ] reimport | 正在准备重新导入文件……
[   9% ] reimport | 正在准备重新导入文件……
[   9% ] reimport | 正在准备重新导入文件……
[   9% ] reimport | 正在准备重新导入文件……
[  10% ] reimport | 正在准备重新导入文件……
[  10% ] reimport | 正在准备重新导入文件……
[  10% ] reimport | 正在准备重新导入文件……
[  10% ] reimport | 正在准备重新导入文件……
[  10% ] reimport | 正在准备重新导入文件……
[  10% ] reimport | 正在准备重新导入文件……
[  10% ] reimport | 正在准备重新导入文件……
[  10% ] reimport | 正在准备重新导入文件……
[  10% ] reimport | 正在准备重新导入文件……
[  10% ] reimport | 正在准备重新导入文件……
[  10% ] reimport | 正在准备重新导入文件……
[  10% ] reimport | 正在准备重新导入文件……
[  10% ] reimport | 正在准备重新导入文件……
[  10% ] reimport | 正在准备重新导入文件……
[  11% ] reimport | 正在准备重新导入文件……
[  11% ] reimport | 正在准备重新导入文件……
[  11% ] reimport | 正在准备重新导入文件……
[  11% ] reimport | 正在准备重新导入文件……
[  11% ] reimport | 正在准备重新导入文件……
[  11% ] reimport | 正在准备重新导入文件……
[  11% ] reimport | 正在准备重新导入文件……
[  11% ] reimport | 正在准备重新导入文件……
[  11% ] reimport | 正在准备重新导入文件……
[  11% ] reimport | 正在准备重新导入文件……
[  11% ] reimport | 正在准备重新导入文件……
[  11% ] reimport | 正在准备重新导入文件……
[  11% ] reimport | 正在准备重新导入文件……
[  11% ] reimport | 正在准备重新导入文件……
[  11% ] reimport | 正在准备重新导入文件……
[  12% ] reimport | 正在准备重新导入文件……
[  12% ] reimport | 正在准备重新导入文件……
[  12% ] reimport | 正在准备重新导入文件……
[  12% ] reimport | 正在准备重新导入文件……
[  12% ] reimport | 正在准备重新导入文件……
[  12% ] reimport | 正在准备重新导入文件……
[  12% ] reimport | 正在准备重新导入文件……
[  12% ] reimport | 正在准备重新导入文件……
[  12% ] reimport | 正在准备重新导入文件……
[  12% ] reimport | 正在准备重新导入文件……
[  12% ] reimport | 正在准备重新导入文件……
[  12% ] reimport | 正在准备重新导入文件……
[  12% ] reimport | 正在准备重新导入文件……
[  12% ] reimport | 正在准备重新导入文件……
[  12% ] reimport | 正在准备重新导入文件……
[  13% ] reimport | 正在准备重新导入文件……
[  13% ] reimport | 正在准备重新导入文件……
[  13% ] reimport | 正在准备重新导入文件……
[  13% ] reimport | 正在准备重新导入文件……
[  13% ] reimport | 正在准备重新导入文件……
[  13% ] reimport | 正在准备重新导入文件……
[  13% ] reimport | 正在准备重新导入文件……
[  13% ] reimport | 正在准备重新导入文件……
[  13% ] reimport | 正在准备重新导入文件……
[  13% ] reimport | 正在准备重新导入文件……
[  13% ] reimport | 正在准备重新导入文件……
[  13% ] reimport | 正在准备重新导入文件……
[  13% ] reimport | 正在准备重新导入文件……
[  13% ] reimport | 正在准备重新导入文件……
[  14% ] reimport | 正在准备重新导入文件……
[  14% ] reimport | 正在准备重新导入文件……
[  14% ] reimport | 正在准备重新导入文件……
[  14% ] reimport | 正在准备重新导入文件……
[  14% ] reimport | 正在准备重新导入文件……
[  14% ] reimport | 正在准备重新导入文件……
[  14% ] reimport | 正在准备重新导入文件……
[  14% ] reimport | 正在准备重新导入文件……
[  14% ] reimport | 正在准备重新导入文件……
[  14% ] reimport | 正在准备重新导入文件……
[  14% ] reimport | 正在准备重新导入文件……
[  14% ] reimport | 正在准备重新导入文件……
[  14% ] reimport | 正在准备重新导入文件……
[  14% ] reimport | 正在准备重新导入文件……
[  14% ] reimport | 正在准备重新导入文件……
[  15% ] reimport | 正在准备重新导入文件……
[  15% ] reimport | 正在准备重新导入文件……
[  15% ] reimport | 正在准备重新导入文件……
[  15% ] reimport | 正在准备重新导入文件……
[  15% ] reimport | 正在准备重新导入文件……
[  15% ] reimport | 正在准备重新导入文件……
[  15% ] reimport | 正在准备重新导入文件……
[  15% ] reimport | 正在准备重新导入文件……
[  15% ] reimport | 正在准备重新导入文件……
[  15% ] reimport | 正在准备重新导入文件……
[  15% ] reimport | 正在准备重新导入文件……
[  15% ] reimport | 正在准备重新导入文件……
[  15% ] reimport | 正在准备重新导入文件……
[  15% ] reimport | 正在准备重新导入文件……
[  15% ] reimport | 正在准备重新导入文件……
[  16% ] reimport | 正在准备重新导入文件……
[  16% ] reimport | 正在准备重新导入文件……
[  16% ] reimport | 正在准备重新导入文件……
[  16% ] reimport | 正在准备重新导入文件……
[  16% ] reimport | 正在准备重新导入文件……
[  16% ] reimport | 正在准备重新导入文件……
[  16% ] reimport | 正在准备重新导入文件……
[  16% ] reimport | 正在准备重新导入文件……
[  16% ] reimport | 正在准备重新导入文件……
[  16% ] reimport | 正在准备重新导入文件……
[  16% ] reimport | 正在准备重新导入文件……
[  16% ] reimport | 正在准备重新导入文件……
[  16% ] reimport | 正在准备重新导入文件……
[  16% ] reimport | 正在准备重新导入文件……
[  16% ] reimport | 正在准备重新导入文件……
[  17% ] reimport | 正在准备重新导入文件……
[  17% ] reimport | 正在准备重新导入文件……
[  17% ] reimport | 正在准备重新导入文件……
[  17% ] reimport | 正在准备重新导入文件……
[  17% ] reimport | 正在准备重新导入文件……
[  17% ] reimport | 正在准备重新导入文件……
[  17% ] reimport | 正在准备重新导入文件……
[  17% ] reimport | 正在准备重新导入文件……
[  17% ] reimport | 正在准备重新导入文件……
[  17% ] reimport | 正在准备重新导入文件……
[  17% ] reimport | 正在准备重新导入文件……
[  17% ] reimport | 正在准备重新导入文件……
[  17% ] reimport | 正在准备重新导入文件……
[  17% ] reimport | 正在准备重新导入文件……
[  18% ] reimport | 正在准备重新导入文件……
[  18% ] reimport | 正在准备重新导入文件……
[  18% ] reimport | 正在准备重新导入文件……
[  18% ] reimport | 正在准备重新导入文件……
[  18% ] reimport | 正在准备重新导入文件……
[  18% ] reimport | 正在准备重新导入文件……
[  18% ] reimport | 正在准备重新导入文件……
[  18% ] reimport | 正在准备重新导入文件……
[  18% ] reimport | 正在准备重新导入文件……
[  18% ] reimport | 正在准备重新导入文件……
[  18% ] reimport | 正在准备重新导入文件……
[  18% ] reimport | 正在准备重新导入文件……
[  18% ] reimport | 正在准备重新导入文件……
[  18% ] reimport | 正在准备重新导入文件……
[  18% ] reimport | 正在准备重新导入文件……
[  19% ] reimport | 正在准备重新导入文件……
[  19% ] reimport | 正在准备重新导入文件……
[  19% ] reimport | 正在准备重新导入文件……
[  19% ] reimport | 正在准备重新导入文件……
[  19% ] reimport | 正在准备重新导入文件……
[  19% ] reimport | 正在准备重新导入文件……
[  19% ] reimport | 正在准备重新导入文件……
[  19% ] reimport | 正在准备重新导入文件……
[  19% ] reimport | 正在准备重新导入文件……
[  19% ] reimport | 正在准备重新导入文件……
[  19% ] reimport | 正在准备重新导入文件……
[  19% ] reimport | 正在准备重新导入文件……
[  19% ] reimport | 正在准备重新导入文件……
[  19% ] reimport | 正在准备重新导入文件……
[  19% ] reimport | 正在准备重新导入文件……
[  20% ] reimport | 正在准备重新导入文件……
[  20% ] reimport | 正在准备重新导入文件……
[  20% ] reimport | 正在准备重新导入文件……
[  20% ] reimport | 正在准备重新导入文件……
[  20% ] reimport | 正在准备重新导入文件……
[  20% ] reimport | 正在准备重新导入文件……
[  20% ] reimport | 正在准备重新导入文件……
[  20% ] reimport | 正在准备重新导入文件……
[  20% ] reimport | 正在准备重新导入文件……
[  20% ] reimport | 正在准备重新导入文件……
[  20% ] reimport | 正在准备重新导入文件……
[  20% ] reimport | 正在准备重新导入文件……
[  20% ] reimport | 正在准备重新导入文件……
[  20% ] reimport | 正在准备重新导入文件……
[  21% ] reimport | 正在准备重新导入文件……
[  21% ] reimport | 正在准备重新导入文件……
[  21% ] reimport | 正在准备重新导入文件……
[  21% ] reimport | 正在准备重新导入文件……
[  21% ] reimport | 正在准备重新导入文件……
[  21% ] reimport | 正在准备重新导入文件……
[  21% ] reimport | 正在准备重新导入文件……
[  21% ] reimport | 正在准备重新导入文件……
[  21% ] reimport | 正在准备重新导入文件……
[  21% ] reimport | 正在准备重新导入文件……
[  21% ] reimport | 正在准备重新导入文件……
[  21% ] reimport | 正在准备重新导入文件……
[  21% ] reimport | 正在准备重新导入文件……
[  21% ] reimport | 正在准备重新导入文件……
[  21% ] reimport | 正在准备重新导入文件……
[  22% ] reimport | 正在准备重新导入文件……
[  22% ] reimport | 正在准备重新导入文件……
[  22% ] reimport | 正在准备重新导入文件……
[  22% ] reimport | 正在准备重新导入文件……
[  22% ] reimport | 正在准备重新导入文件……
[  22% ] reimport | 正在准备重新导入文件……
[  22% ] reimport | 正在准备重新导入文件……
[  22% ] reimport | 正在准备重新导入文件……
[  22% ] reimport | 正在准备重新导入文件……
[  22% ] reimport | 正在准备重新导入文件……
[  22% ] reimport | 正在准备重新导入文件……
[  22% ] reimport | 正在准备重新导入文件……
[  22% ] reimport | 正在准备重新导入文件……
[  22% ] reimport | 正在准备重新导入文件……
[  22% ] reimport | 正在准备重新导入文件……
[  23% ] reimport | 正在准备重新导入文件……
[  23% ] reimport | 正在准备重新导入文件……
[  23% ] reimport | 正在准备重新导入文件……
[  23% ] reimport | 正在准备重新导入文件……
[  23% ] reimport | 正在准备重新导入文件……
[  23% ] reimport | 正在准备重新导入文件……
[  23% ] reimport | 正在准备重新导入文件……
[  23% ] reimport | 正在准备重新导入文件……
[  23% ] reimport | 正在准备重新导入文件……
[  23% ] reimport | 正在准备重新导入文件……
[  23% ] reimport | 正在准备重新导入文件……
[  23% ] reimport | 正在准备重新导入文件……
[  23% ] reimport | 正在准备重新导入文件……
[  23% ] reimport | 正在准备重新导入文件……
[  23% ] reimport | 正在准备重新导入文件……
[  24% ] reimport | 正在准备重新导入文件……
[  24% ] reimport | 正在准备重新导入文件……
[  24% ] reimport | 正在准备重新导入文件……
[  24% ] reimport | 正在准备重新导入文件……
[  24% ] reimport | 正在准备重新导入文件……
[  24% ] reimport | 正在准备重新导入文件……
[  24% ] reimport | 正在准备重新导入文件……
[  24% ] reimport | 正在准备重新导入文件……
[  24% ] reimport | 正在准备重新导入文件……
[  24% ] reimport | 正在准备重新导入文件……
[  24% ] reimport | 正在准备重新导入文件……
[  24% ] reimport | 正在准备重新导入文件……
[  24% ] reimport | 正在准备重新导入文件……
[  24% ] reimport | 正在准备重新导入文件……
[  25% ] reimport | 正在准备重新导入文件……
[  25% ] reimport | 正在准备重新导入文件……
[  25% ] reimport | 正在准备重新导入文件……
[  25% ] reimport | 正在准备重新导入文件……
[  25% ] reimport | 正在准备重新导入文件……
[  25% ] reimport | 正在准备重新导入文件……
[  25% ] reimport | 正在准备重新导入文件……
[  25% ] reimport | 正在准备重新导入文件……
[  25% ] reimport | 正在准备重新导入文件……
[  25% ] reimport | 正在准备重新导入文件……
[  25% ] reimport | 正在准备重新导入文件……
[  25% ] reimport | 正在准备重新导入文件……
[  25% ] reimport | 正在准备重新导入文件……
[  25% ] reimport | 正在准备重新导入文件……
[  25% ] reimport | 正在准备重新导入文件……
[  26% ] reimport | 正在准备重新导入文件……
[  26% ] reimport | 正在准备重新导入文件……
[  26% ] reimport | 正在准备重新导入文件……
[  26% ] reimport | 正在准备重新导入文件……
[  26% ] reimport | 正在准备重新导入文件……
[  26% ] reimport | 正在准备重新导入文件……
[  26% ] reimport | 正在准备重新导入文件……
[  26% ] reimport | 正在准备重新导入文件……
[  26% ] reimport | 正在准备重新导入文件……
[  26% ] reimport | 正在准备重新导入文件……
[  26% ] reimport | 正在准备重新导入文件……
[  26% ] reimport | 正在准备重新导入文件……
[  26% ] reimport | 正在准备重新导入文件……
[  26% ] reimport | 正在准备重新导入文件……
[  26% ] reimport | 正在准备重新导入文件……
[  27% ] reimport | 正在准备重新导入文件……
[  27% ] reimport | 正在准备重新导入文件……
[  27% ] reimport | 正在准备重新导入文件……
[  27% ] reimport | 正在准备重新导入文件……
[  27% ] reimport | 正在准备重新导入文件……
[  27% ] reimport | 正在准备重新导入文件……
[  27% ] reimport | 正在准备重新导入文件……
[  27% ] reimport | 正在准备重新导入文件……
[  27% ] reimport | 正在准备重新导入文件……
[  27% ] reimport | 正在准备重新导入文件……
[  27% ] reimport | 正在准备重新导入文件……
[  27% ] reimport | 正在准备重新导入文件……
[  27% ] reimport | 正在准备重新导入文件……
[  27% ] reimport | 正在准备重新导入文件……
[  28% ] reimport | 正在准备重新导入文件……
[  28% ] reimport | 正在准备重新导入文件……
[  28% ] reimport | 正在准备重新导入文件……
[  28% ] reimport | 正在准备重新导入文件……
[  28% ] reimport | 正在准备重新导入文件……
[  28% ] reimport | 正在准备重新导入文件……
[  28% ] reimport | 正在准备重新导入文件……
[  28% ] reimport | 正在准备重新导入文件……
[  28% ] reimport | 正在准备重新导入文件……
[  28% ] reimport | 正在准备重新导入文件……
[  28% ] reimport | 正在准备重新导入文件……
[  28% ] reimport | 正在准备重新导入文件……
[  28% ] reimport | 正在准备重新导入文件……
[  28% ] reimport | 正在准备重新导入文件……
[  28% ] reimport | 正在准备重新导入文件……
[  29% ] reimport | 正在准备重新导入文件……
[  29% ] reimport | 正在准备重新导入文件……
[  29% ] reimport | 正在准备重新导入文件……
[  29% ] reimport | 正在准备重新导入文件……
[  29% ] reimport | 正在准备重新导入文件……
[  29% ] reimport | 正在准备重新导入文件……
[  29% ] reimport | 正在准备重新导入文件……
[  29% ] reimport | 正在准备重新导入文件……
[  29% ] reimport | 正在准备重新导入文件……
[  29% ] reimport | 正在准备重新导入文件……
[  29% ] reimport | 正在准备重新导入文件……
[  29% ] reimport | 正在准备重新导入文件……
[  29% ] reimport | 正在准备重新导入文件……
[  29% ] reimport | 正在准备重新导入文件……
[  29% ] reimport | 正在准备重新导入文件……
[  30% ] reimport | 正在准备重新导入文件……
[  30% ] reimport | 正在准备重新导入文件……
[  30% ] reimport | 正在准备重新导入文件……
[  30% ] reimport | 正在准备重新导入文件……
[  30% ] reimport | 正在准备重新导入文件……
[  30% ] reimport | 正在准备重新导入文件……
[  30% ] reimport | 正在准备重新导入文件……
[  30% ] reimport | 正在准备重新导入文件……
[  30% ] reimport | 正在准备重新导入文件……
[  30% ] reimport | 正在准备重新导入文件……
[  30% ] reimport | 正在准备重新导入文件……
[  30% ] reimport | 正在准备重新导入文件……
[  30% ] reimport | 正在准备重新导入文件……
[  30% ] reimport | 正在准备重新导入文件……
[  30% ] reimport | 正在准备重新导入文件……
[  31% ] reimport | 正在准备重新导入文件……
[  31% ] reimport | 正在准备重新导入文件……
[  31% ] reimport | 正在准备重新导入文件……
[  31% ] reimport | 正在准备重新导入文件……
[  31% ] reimport | 正在准备重新导入文件……
[  31% ] reimport | 正在准备重新导入文件……
[  31% ] reimport | 正在准备重新导入文件……
[  31% ] reimport | 正在准备重新导入文件……
[  31% ] reimport | 正在准备重新导入文件……
[  31% ] reimport | 正在准备重新导入文件……
[  31% ] reimport | 正在准备重新导入文件……
[  31% ] reimport | 正在准备重新导入文件……
[  31% ] reimport | 正在准备重新导入文件……
[  31% ] reimport | 正在准备重新导入文件……
[  32% ] reimport | 正在准备重新导入文件……
[  32% ] reimport | 正在准备重新导入文件……
[  32% ] reimport | 正在准备重新导入文件……
[  32% ] reimport | 正在准备重新导入文件……
[  32% ] reimport | 正在准备重新导入文件……
[  32% ] reimport | 正在准备重新导入文件……
[  32% ] reimport | 正在准备重新导入文件……
[  32% ] reimport | 正在准备重新导入文件……
[  32% ] reimport | 正在准备重新导入文件……
[  32% ] reimport | 正在准备重新导入文件……
[  32% ] reimport | 正在准备重新导入文件……
[  32% ] reimport | 正在准备重新导入文件……
[  32% ] reimport | 正在准备重新导入文件……
[  32% ] reimport | 正在准备重新导入文件……
[  32% ] reimport | 正在准备重新导入文件……
[  33% ] reimport | 正在准备重新导入文件……
[  33% ] reimport | 正在准备重新导入文件……
[  33% ] reimport | 正在准备重新导入文件……
[  33% ] reimport | 正在准备重新导入文件……
[  33% ] reimport | 正在准备重新导入文件……
[  33% ] reimport | 正在准备重新导入文件……
[  33% ] reimport | 正在准备重新导入文件……
[  33% ] reimport | 正在准备重新导入文件……
[  33% ] reimport | 正在准备重新导入文件……
[  33% ] reimport | 正在准备重新导入文件……
[  33% ] reimport | 正在准备重新导入文件……
[  33% ] reimport | 正在准备重新导入文件……
[  33% ] reimport | 正在准备重新导入文件……
[  33% ] reimport | 正在准备重新导入文件……
[  33% ] reimport | 正在准备重新导入文件……
[  34% ] reimport | 正在准备重新导入文件……
[  34% ] reimport | 正在准备重新导入文件……
[  34% ] reimport | 正在准备重新导入文件……
[  34% ] reimport | 正在准备重新导入文件……
[  34% ] reimport | 正在准备重新导入文件……
[  34% ] reimport | 正在准备重新导入文件……
[  34% ] reimport | 正在准备重新导入文件……
[  34% ] reimport | 正在准备重新导入文件……
[  34% ] reimport | 正在准备重新导入文件……
[  34% ] reimport | 正在准备重新导入文件……
[  34% ] reimport | 正在准备重新导入文件……
[  34% ] reimport | 正在准备重新导入文件……
[  34% ] reimport | 正在准备重新导入文件……
[  34% ] reimport | 正在准备重新导入文件……
[  35% ] reimport | 正在准备重新导入文件……
[  35% ] reimport | 正在准备重新导入文件……
[  35% ] reimport | 正在准备重新导入文件……
[  35% ] reimport | 正在准备重新导入文件……
[  35% ] reimport | 正在准备重新导入文件……
[  35% ] reimport | 正在准备重新导入文件……
[  35% ] reimport | 正在准备重新导入文件……
[  35% ] reimport | 正在准备重新导入文件……
[  35% ] reimport | 正在准备重新导入文件……
[  35% ] reimport | 正在准备重新导入文件……
[  35% ] reimport | 正在准备重新导入文件……
[  35% ] reimport | 正在准备重新导入文件……
[  35% ] reimport | 正在准备重新导入文件……
[  35% ] reimport | 正在准备重新导入文件……
[  35% ] reimport | 正在准备重新导入文件……
[  36% ] reimport | 正在准备重新导入文件……
[  36% ] reimport | 正在准备重新导入文件……
[  36% ] reimport | 正在准备重新导入文件……
[  36% ] reimport | 正在准备重新导入文件……
[  36% ] reimport | 正在准备重新导入文件……
[  36% ] reimport | 正在准备重新导入文件……
[  36% ] reimport | 正在准备重新导入文件……
[  36% ] reimport | 正在准备重新导入文件……
[  36% ] reimport | 正在准备重新导入文件……
[  36% ] reimport | 正在准备重新导入文件……
[  36% ] reimport | 正在准备重新导入文件……
[  36% ] reimport | 正在准备重新导入文件……
[  36% ] reimport | 正在准备重新导入文件……
[  36% ] reimport | 正在准备重新导入文件……
[  36% ] reimport | 正在准备重新导入文件……
[  37% ] reimport | 正在准备重新导入文件……
[  37% ] reimport | 正在准备重新导入文件……
[  37% ] reimport | 正在准备重新导入文件……
[  37% ] reimport | 正在准备重新导入文件……
[  37% ] reimport | 正在准备重新导入文件……
[  37% ] reimport | 正在准备重新导入文件……
[  37% ] reimport | 正在准备重新导入文件……
[  37% ] reimport | 正在准备重新导入文件……
[  37% ] reimport | 正在准备重新导入文件……
[  37% ] reimport | 正在准备重新导入文件……
[  37% ] reimport | 正在准备重新导入文件……
[  37% ] reimport | 正在准备重新导入文件……
[  37% ] reimport | 正在准备重新导入文件……
[  37% ] reimport | 正在准备重新导入文件……
[  38% ] reimport | 正在准备重新导入文件……
[  38% ] reimport | 正在准备重新导入文件……
[  38% ] reimport | 正在准备重新导入文件……
[  38% ] reimport | 正在准备重新导入文件……
[  38% ] reimport | 正在准备重新导入文件……
[  38% ] reimport | 正在准备重新导入文件……
[  38% ] reimport | 正在准备重新导入文件……
[  38% ] reimport | 正在准备重新导入文件……
[  38% ] reimport | 正在准备重新导入文件……
[  38% ] reimport | 正在准备重新导入文件……
[  38% ] reimport | 正在准备重新导入文件……
[  38% ] reimport | 正在准备重新导入文件……
[  38% ] reimport | 正在准备重新导入文件……
[  38% ] reimport | 正在准备重新导入文件……
[  38% ] reimport | 正在准备重新导入文件……
[  39% ] reimport | 正在准备重新导入文件……
[  39% ] reimport | 正在准备重新导入文件……
[  39% ] reimport | 正在准备重新导入文件……
[  39% ] reimport | 正在准备重新导入文件……
[  39% ] reimport | 正在准备重新导入文件……
[  39% ] reimport | 正在准备重新导入文件……
[  39% ] reimport | 正在准备重新导入文件……
[  39% ] reimport | 正在准备重新导入文件……
[  39% ] reimport | 正在准备重新导入文件……
[  39% ] reimport | 正在准备重新导入文件……
[  39% ] reimport | 正在准备重新导入文件……
[  39% ] reimport | 正在准备重新导入文件……
[  39% ] reimport | 正在准备重新导入文件……
[  39% ] reimport | 正在准备重新导入文件……
[  39% ] reimport | 正在准备重新导入文件……
[  40% ] reimport | 正在准备重新导入文件……
[  40% ] reimport | 正在准备重新导入文件……
[  40% ] reimport | 正在准备重新导入文件……
[  40% ] reimport | 正在准备重新导入文件……
[  40% ] reimport | 正在准备重新导入文件……
[  40% ] reimport | 正在准备重新导入文件……
[  40% ] reimport | 正在准备重新导入文件……
[  40% ] reimport | 正在准备重新导入文件……
[  40% ] reimport | 正在准备重新导入文件……
[  40% ] reimport | 正在准备重新导入文件……
[  40% ] reimport | 正在准备重新导入文件……
[  40% ] reimport | 正在准备重新导入文件……
[  40% ] reimport | 正在准备重新导入文件……
[  40% ] reimport | 正在准备重新导入文件……
[  40% ] reimport | 正在准备重新导入文件……
[  41% ] reimport | 正在准备重新导入文件……
[  41% ] reimport | 正在准备重新导入文件……
[  41% ] reimport | 正在准备重新导入文件……
[  41% ] reimport | 正在准备重新导入文件……
[  41% ] reimport | 正在准备重新导入文件……
[  41% ] reimport | 正在准备重新导入文件……
[  41% ] reimport | 正在准备重新导入文件……
[  41% ] reimport | 正在准备重新导入文件……
[  41% ] reimport | 正在准备重新导入文件……
[  41% ] reimport | 正在准备重新导入文件……
[  41% ] reimport | 正在准备重新导入文件……
[  41% ] reimport | 正在准备重新导入文件……
[  41% ] reimport | 正在准备重新导入文件……
[  41% ] reimport | 正在准备重新导入文件……
[  42% ] reimport | 正在准备重新导入文件……
[  42% ] reimport | 正在准备重新导入文件……
[  42% ] reimport | 正在准备重新导入文件……
[  42% ] reimport | 正在准备重新导入文件……
[  42% ] reimport | 正在准备重新导入文件……
[  42% ] reimport | 正在准备重新导入文件……
[  42% ] reimport | 正在准备重新导入文件……
[  42% ] reimport | 正在准备重新导入文件……
[  42% ] reimport | 正在准备重新导入文件……
[  42% ] reimport | 正在准备重新导入文件……
[  42% ] reimport | 正在准备重新导入文件……
[  42% ] reimport | 正在准备重新导入文件……
[  42% ] reimport | 正在准备重新导入文件……
[  42% ] reimport | 正在准备重新导入文件……
[  42% ] reimport | 正在准备重新导入文件……
[  43% ] reimport | 正在准备重新导入文件……
[  43% ] reimport | 正在准备重新导入文件……
[  43% ] reimport | 正在准备重新导入文件……
[  43% ] reimport | 正在准备重新导入文件……
[  43% ] reimport | 正在准备重新导入文件……
[  43% ] reimport | 正在准备重新导入文件……
[  43% ] reimport | 正在准备重新导入文件……
[  43% ] reimport | 正在准备重新导入文件……
[  43% ] reimport | 正在准备重新导入文件……
[  43% ] reimport | 正在准备重新导入文件……
[  43% ] reimport | 正在准备重新导入文件……
[  43% ] reimport | 正在准备重新导入文件……
[  43% ] reimport | 正在准备重新导入文件……
[  43% ] reimport | 正在准备重新导入文件……
[  43% ] reimport | 正在准备重新导入文件……
[  44% ] reimport | 正在准备重新导入文件……
[  44% ] reimport | 正在准备重新导入文件……
[  44% ] reimport | 正在准备重新导入文件……
[  44% ] reimport | 正在准备重新导入文件……
[  44% ] reimport | 正在准备重新导入文件……
[  44% ] reimport | 正在准备重新导入文件……
[  44% ] reimport | 正在准备重新导入文件……
[  44% ] reimport | 正在准备重新导入文件……
[  44% ] reimport | 正在准备重新导入文件……
[  44% ] reimport | 正在准备重新导入文件……
[  44% ] reimport | 正在准备重新导入文件……
[  44% ] reimport | 正在准备重新导入文件……
[  44% ] reimport | 正在准备重新导入文件……
[  44% ] reimport | 正在准备重新导入文件……
[  45% ] reimport | 正在准备重新导入文件……
[  45% ] reimport | 正在准备重新导入文件……
[  45% ] reimport | 正在准备重新导入文件……
[  45% ] reimport | 正在准备重新导入文件……
[  45% ] reimport | 正在准备重新导入文件……
[  45% ] reimport | 正在准备重新导入文件……
[  45% ] reimport | 正在准备重新导入文件……
[  45% ] reimport | 正在准备重新导入文件……
[  45% ] reimport | 正在准备重新导入文件……
[  45% ] reimport | 正在准备重新导入文件……
[  45% ] reimport | 正在准备重新导入文件……
[  45% ] reimport | 正在准备重新导入文件……
[  45% ] reimport | 正在准备重新导入文件……
[  45% ] reimport | 正在准备重新导入文件……
[  45% ] reimport | 正在准备重新导入文件……
[  46% ] reimport | 正在准备重新导入文件……
[  46% ] reimport | 正在准备重新导入文件……
[  46% ] reimport | 正在准备重新导入文件……
[  46% ] reimport | 正在准备重新导入文件……
[  46% ] reimport | 正在准备重新导入文件……
[  46% ] reimport | 正在准备重新导入文件……
[  46% ] reimport | 正在准备重新导入文件……
[  46% ] reimport | 正在准备重新导入文件……
[  46% ] reimport | 正在准备重新导入文件……
[  46% ] reimport | 正在准备重新导入文件……
[  46% ] reimport | 正在准备重新导入文件……
[  46% ] reimport | 正在准备重新导入文件……
[  46% ] reimport | 正在准备重新导入文件……
[  46% ] reimport | 正在准备重新导入文件……
[  46% ] reimport | 正在准备重新导入文件……
[  47% ] reimport | 正在准备重新导入文件……
[  47% ] reimport | 正在准备重新导入文件……
[  47% ] reimport | 正在准备重新导入文件……
[  47% ] reimport | 正在准备重新导入文件……
[  47% ] reimport | 正在准备重新导入文件……
[  47% ] reimport | 正在准备重新导入文件……
[  47% ] reimport | 正在准备重新导入文件……
[  47% ] reimport | 正在准备重新导入文件……
[  47% ] reimport | 正在准备重新导入文件……
[  47% ] reimport | 正在准备重新导入文件……
[  47% ] reimport | 正在准备重新导入文件……
[  47% ] reimport | 正在准备重新导入文件……
[  47% ] reimport | 正在准备重新导入文件……
[  47% ] reimport | 正在准备重新导入文件……
[  47% ] reimport | 正在准备重新导入文件……
[  48% ] reimport | 正在准备重新导入文件……
[  48% ] reimport | 正在准备重新导入文件……
[  48% ] reimport | 正在准备重新导入文件……
[  48% ] reimport | 正在准备重新导入文件……
[  48% ] reimport | 正在准备重新导入文件……
[  48% ] reimport | 正在准备重新导入文件……
[  48% ] reimport | 正在准备重新导入文件……
[  48% ] reimport | 正在准备重新导入文件……
[  48% ] reimport | 正在准备重新导入文件……
[  48% ] reimport | 正在准备重新导入文件……
[  48% ] reimport | 正在准备重新导入文件……
[  48% ] reimport | 正在准备重新导入文件……
[  48% ] reimport | 正在准备重新导入文件……
[  48% ] reimport | 正在准备重新导入文件……
[  49% ] reimport | 正在准备重新导入文件……
[  49% ] reimport | 正在准备重新导入文件……
[  49% ] reimport | 正在准备重新导入文件……
[  49% ] reimport | 正在准备重新导入文件……
[  49% ] reimport | 正在准备重新导入文件……
[  49% ] reimport | 正在准备重新导入文件……
[  49% ] reimport | 正在准备重新导入文件……
[  49% ] reimport | 正在准备重新导入文件……
[  49% ] reimport | 正在准备重新导入文件……
[  49% ] reimport | 正在准备重新导入文件……
[  49% ] reimport | 正在准备重新导入文件……
[  49% ] reimport | 正在准备重新导入文件……
[  49% ] reimport | 正在准备重新导入文件……
[  49% ] reimport | 正在准备重新导入文件……
[  49% ] reimport | 正在准备重新导入文件……
[  50% ] reimport | 正在准备重新导入文件……
[  50% ] reimport | 正在准备重新导入文件……
[  50% ] reimport | 正在准备重新导入文件……
[  50% ] reimport | 正在准备重新导入文件……
[  50% ] reimport | 正在准备重新导入文件……
[  50% ] reimport | 正在准备重新导入文件……
[  50% ] reimport | 正在准备重新导入文件……
[  50% ] reimport | 正在准备重新导入文件……
[  50% ] reimport | 正在准备重新导入文件……
[  50% ] reimport | 正在准备重新导入文件……
[  50% ] reimport | 正在准备重新导入文件……
[  50% ] reimport | 正在准备重新导入文件……
[  50% ] reimport | 正在准备重新导入文件……
[  50% ] reimport | 正在准备重新导入文件……
[  50% ] reimport | 正在准备重新导入文件……
[  51% ] reimport | 正在准备重新导入文件……
[  51% ] reimport | 正在准备重新导入文件……
[  51% ] reimport | 正在准备重新导入文件……
[  51% ] reimport | 正在准备重新导入文件……
[  51% ] reimport | 正在准备重新导入文件……
[  51% ] reimport | 正在准备重新导入文件……
[  51% ] reimport | 正在准备重新导入文件……
[  51% ] reimport | 正在准备重新导入文件……
[  51% ] reimport | 正在准备重新导入文件……
[  51% ] reimport | 正在准备重新导入文件……
[  51% ] reimport | 正在准备重新导入文件……
[  51% ] reimport | 正在准备重新导入文件……
[  51% ] reimport | 正在准备重新导入文件……
[  51% ] reimport | 正在准备重新导入文件……
[  52% ] reimport | 正在准备重新导入文件……
[  52% ] reimport | 正在准备重新导入文件……
[  52% ] reimport | 正在准备重新导入文件……
[  52% ] reimport | 正在准备重新导入文件……
[  52% ] reimport | 正在准备重新导入文件……
[  52% ] reimport | 正在准备重新导入文件……
[  52% ] reimport | 正在准备重新导入文件……
[  52% ] reimport | 正在准备重新导入文件……
[  52% ] reimport | 正在准备重新导入文件……
[  52% ] reimport | 正在准备重新导入文件……
[  52% ] reimport | 正在准备重新导入文件……
[  52% ] reimport | 正在准备重新导入文件……
[  52% ] reimport | 正在准备重新导入文件……
[  52% ] reimport | 正在准备重新导入文件……
[  52% ] reimport | 正在准备重新导入文件……
[  53% ] reimport | 正在准备重新导入文件……
[  53% ] reimport | 正在准备重新导入文件……
[  53% ] reimport | 正在准备重新导入文件……
[  53% ] reimport | 正在准备重新导入文件……
[  53% ] reimport | 正在准备重新导入文件……
[  53% ] reimport | 正在准备重新导入文件……
[  53% ] reimport | 正在准备重新导入文件……
[  53% ] reimport | 正在准备重新导入文件……
[  53% ] reimport | 正在准备重新导入文件……
[  53% ] reimport | 正在准备重新导入文件……
[  53% ] reimport | 正在准备重新导入文件……
[  53% ] reimport | 正在准备重新导入文件……
[  53% ] reimport | 正在准备重新导入文件……
[  53% ] reimport | 正在准备重新导入文件……
[  53% ] reimport | 正在准备重新导入文件……
[  54% ] reimport | 正在准备重新导入文件……
[  54% ] reimport | 正在准备重新导入文件……
[  54% ] reimport | 正在准备重新导入文件……
[  54% ] reimport | 正在准备重新导入文件……
[  54% ] reimport | 正在准备重新导入文件……
[  54% ] reimport | 正在准备重新导入文件……
[  54% ] reimport | 正在准备重新导入文件……
[  54% ] reimport | 正在准备重新导入文件……
[  54% ] reimport | 正在准备重新导入文件……
[  54% ] reimport | 正在准备重新导入文件……
[  54% ] reimport | 正在准备重新导入文件……
[  54% ] reimport | 正在准备重新导入文件……
[  54% ] reimport | 正在准备重新导入文件……
[  54% ] reimport | 正在准备重新导入文件……
[  54% ] reimport | 正在准备重新导入文件……
[  55% ] reimport | 正在准备重新导入文件……
[  55% ] reimport | 正在准备重新导入文件……
[  55% ] reimport | 正在准备重新导入文件……
[  55% ] reimport | 正在准备重新导入文件……
[  55% ] reimport | 正在准备重新导入文件……
[  55% ] reimport | 正在准备重新导入文件……
[  55% ] reimport | 正在准备重新导入文件……
[  55% ] reimport | 正在准备重新导入文件……
[  55% ] reimport | 正在准备重新导入文件……
[  55% ] reimport | 正在准备重新导入文件……
[  55% ] reimport | 正在准备重新导入文件……
[  55% ] reimport | 正在准备重新导入文件……
[  55% ] reimport | 正在准备重新导入文件……
[  55% ] reimport | 正在准备重新导入文件……
[  56% ] reimport | 正在准备重新导入文件……
[  56% ] reimport | 正在准备重新导入文件……
[  56% ] reimport | 正在准备重新导入文件……
[  56% ] reimport | 正在准备重新导入文件……
[  56% ] reimport | 正在准备重新导入文件……
[  56% ] reimport | 正在准备重新导入文件……
[  56% ] reimport | 正在准备重新导入文件……
[  56% ] reimport | 正在准备重新导入文件……
[  56% ] reimport | 正在准备重新导入文件……
[  56% ] reimport | 正在准备重新导入文件……
[  56% ] reimport | 正在准备重新导入文件……
[  56% ] reimport | 正在准备重新导入文件……
[  56% ] reimport | 正在准备重新导入文件……
[  56% ] reimport | 正在准备重新导入文件……
[  56% ] reimport | 正在准备重新导入文件……
[  57% ] reimport | 正在准备重新导入文件……
[  57% ] reimport | 正在准备重新导入文件……
[  57% ] reimport | 正在准备重新导入文件……
[  57% ] reimport | 正在准备重新导入文件……
[  57% ] reimport | 正在准备重新导入文件……
[  57% ] reimport | 正在准备重新导入文件……
[  57% ] reimport | 正在准备重新导入文件……
[  57% ] reimport | 正在准备重新导入文件……
[  57% ] reimport | 正在准备重新导入文件……
[  57% ] reimport | 正在准备重新导入文件……
[  57% ] reimport | 正在准备重新导入文件……
[  57% ] reimport | 正在准备重新导入文件……
[  57% ] reimport | 正在准备重新导入文件……
[  57% ] reimport | 正在准备重新导入文件……
[  57% ] reimport | 正在准备重新导入文件……
[  58% ] reimport | 正在准备重新导入文件……
[  58% ] reimport | 正在准备重新导入文件……
[  58% ] reimport | 正在准备重新导入文件……
[  58% ] reimport | 正在准备重新导入文件……
[  58% ] reimport | 正在准备重新导入文件……
[  58% ] reimport | 正在准备重新导入文件……
[  58% ] reimport | 正在准备重新导入文件……
[  58% ] reimport | 正在准备重新导入文件……
[  58% ] reimport | 正在准备重新导入文件……
[  58% ] reimport | 正在准备重新导入文件……
[  58% ] reimport | 正在准备重新导入文件……
[  58% ] reimport | 正在准备重新导入文件……
[  58% ] reimport | 正在准备重新导入文件……
[  58% ] reimport | 正在准备重新导入文件……
[  59% ] reimport | 正在准备重新导入文件……
[  59% ] reimport | 正在准备重新导入文件……
[  59% ] reimport | 正在准备重新导入文件……
[  59% ] reimport | 正在准备重新导入文件……
[  59% ] reimport | 正在准备重新导入文件……
[  59% ] reimport | 正在准备重新导入文件……
[  59% ] reimport | 正在准备重新导入文件……
[  59% ] reimport | 正在准备重新导入文件……
[  59% ] reimport | 正在准备重新导入文件……
[  59% ] reimport | 正在准备重新导入文件……
[  59% ] reimport | 正在准备重新导入文件……
[  59% ] reimport | 正在准备重新导入文件……
[  59% ] reimport | 正在准备重新导入文件……
[  59% ] reimport | 正在准备重新导入文件……
[  59% ] reimport | 正在准备重新导入文件……
[  60% ] reimport | 正在准备重新导入文件……
[  60% ] reimport | 正在准备重新导入文件……
[  60% ] reimport | 正在准备重新导入文件……
[  60% ] reimport | 正在准备重新导入文件……
[  60% ] reimport | 正在准备重新导入文件……
[  60% ] reimport | 正在准备重新导入文件……
[  60% ] reimport | 正在准备重新导入文件……
[  60% ] reimport | 正在准备重新导入文件……
[  60% ] reimport | 正在准备重新导入文件……
[  60% ] reimport | 正在准备重新导入文件……
[  60% ] reimport | 正在准备重新导入文件……
[  60% ] reimport | 正在准备重新导入文件……
[  60% ] reimport | 正在准备重新导入文件……
[  60% ] reimport | 正在准备重新导入文件……
[  60% ] reimport | 正在准备重新导入文件……
[  61% ] reimport | 正在准备重新导入文件……
[  61% ] reimport | 正在准备重新导入文件……
[  61% ] reimport | 正在准备重新导入文件……
[  61% ] reimport | 正在准备重新导入文件……
[  61% ] reimport | 正在准备重新导入文件……
[  61% ] reimport | 正在准备重新导入文件……
[  61% ] reimport | 正在准备重新导入文件……
[  61% ] reimport | 正在准备重新导入文件……
[  61% ] reimport | 正在准备重新导入文件……
[  61% ] reimport | 正在准备重新导入文件……
[  61% ] reimport | 正在准备重新导入文件……
[  61% ] reimport | 正在准备重新导入文件……
[  61% ] reimport | 正在准备重新导入文件……
[  61% ] reimport | 正在准备重新导入文件……
[  61% ] reimport | 正在准备重新导入文件……
[  62% ] reimport | 正在准备重新导入文件……
[  62% ] reimport | 正在准备重新导入文件……
[  62% ] reimport | 正在准备重新导入文件……
[  62% ] reimport | 正在准备重新导入文件……
[  62% ] reimport | 正在准备重新导入文件……
[  62% ] reimport | 正在准备重新导入文件……
[  62% ] reimport | 正在准备重新导入文件……
[  62% ] reimport | 正在准备重新导入文件……
[  62% ] reimport | 正在准备重新导入文件……
[  62% ] reimport | 正在准备重新导入文件……
[  62% ] reimport | 正在准备重新导入文件……
[  62% ] reimport | 正在准备重新导入文件……
[  62% ] reimport | 正在准备重新导入文件……
[  62% ] reimport | 正在准备重新导入文件……
[  63% ] reimport | 正在准备重新导入文件……
[  63% ] reimport | 正在准备重新导入文件……
[  63% ] reimport | 正在准备重新导入文件……
[  63% ] reimport | 正在准备重新导入文件……
[  63% ] reimport | 正在准备重新导入文件……
[  63% ] reimport | 正在准备重新导入文件……
[  63% ] reimport | 正在准备重新导入文件……
[  63% ] reimport | 正在准备重新导入文件……
[  63% ] reimport | 正在准备重新导入文件……
[  63% ] reimport | 正在准备重新导入文件……
[  63% ] reimport | 正在准备重新导入文件……
[  63% ] reimport | 正在准备重新导入文件……
[  63% ] reimport | 正在准备重新导入文件……
[  63% ] reimport | 正在准备重新导入文件……
[  63% ] reimport | 正在准备重新导入文件……
[  64% ] reimport | 正在准备重新导入文件……
[  64% ] reimport | 正在准备重新导入文件……
[  64% ] reimport | 正在准备重新导入文件……
[  64% ] reimport | 正在准备重新导入文件……
[  64% ] reimport | 正在准备重新导入文件……
[  64% ] reimport | 正在准备重新导入文件……
[  64% ] reimport | 正在准备重新导入文件……
[  64% ] reimport | 正在准备重新导入文件……
[  64% ] reimport | 正在准备重新导入文件……
[  64% ] reimport | 正在准备重新导入文件……
[  64% ] reimport | 正在准备重新导入文件……
[  64% ] reimport | 正在准备重新导入文件……
[  64% ] reimport | 正在准备重新导入文件……
[  64% ] reimport | 正在准备重新导入文件……
[  64% ] reimport | 正在准备重新导入文件……
[  65% ] reimport | 正在准备重新导入文件……
[  65% ] reimport | 正在准备重新导入文件……
[  65% ] reimport | 正在准备重新导入文件……
[  65% ] reimport | 正在准备重新导入文件……
[  65% ] reimport | 正在准备重新导入文件……
[  65% ] reimport | 正在准备重新导入文件……
[  65% ] reimport | 正在准备重新导入文件……
[  65% ] reimport | 正在准备重新导入文件……
[  65% ] reimport | 正在准备重新导入文件……
[  65% ] reimport | 正在准备重新导入文件……
[  65% ] reimport | 正在准备重新导入文件……
[  65% ] reimport | 正在准备重新导入文件……
[  65% ] reimport | 正在准备重新导入文件……
[  65% ] reimport | 正在准备重新导入文件……
[  66% ] reimport | 正在准备重新导入文件……
[  66% ] reimport | 正在准备重新导入文件……
[  66% ] reimport | 正在准备重新导入文件……
[  66% ] reimport | 正在准备重新导入文件……
[  66% ] reimport | 正在准备重新导入文件……
[  66% ] reimport | 正在准备重新导入文件……
[  66% ] reimport | 正在准备重新导入文件……
[  66% ] reimport | 正在准备重新导入文件……
[  66% ] reimport | 正在准备重新导入文件……
[  66% ] reimport | 正在准备重新导入文件……
[  66% ] reimport | 正在准备重新导入文件……
[  66% ] reimport | 正在准备重新导入文件……
[  66% ] reimport | 正在准备重新导入文件……
[  66% ] reimport | 正在准备重新导入文件……
[  66% ] reimport | 正在准备重新导入文件……
[  67% ] reimport | 正在准备重新导入文件……
[  67% ] reimport | 正在准备重新导入文件……
[  67% ] reimport | 正在准备重新导入文件……
[  67% ] reimport | 正在准备重新导入文件……
[  67% ] reimport | 正在准备重新导入文件……
[  67% ] reimport | 正在准备重新导入文件……
[  67% ] reimport | 正在准备重新导入文件……
[  67% ] reimport | 正在准备重新导入文件……
[  67% ] reimport | 正在准备重新导入文件……
[  67% ] reimport | 正在准备重新导入文件……
[  67% ] reimport | 正在准备重新导入文件……
[  67% ] reimport | 正在准备重新导入文件……
[  67% ] reimport | 正在准备重新导入文件……
[  67% ] reimport | 正在准备重新导入文件……
[  67% ] reimport | 正在准备重新导入文件……
[  68% ] reimport | 正在准备重新导入文件……
[  68% ] reimport | 正在准备重新导入文件……
[  68% ] reimport | 正在准备重新导入文件……
[  68% ] reimport | 正在准备重新导入文件……
[  68% ] reimport | 正在准备重新导入文件……
[  68% ] reimport | 正在准备重新导入文件……
[  68% ] reimport | 正在准备重新导入文件……
[  68% ] reimport | 正在准备重新导入文件……
[  68% ] reimport | 正在准备重新导入文件……
[  68% ] reimport | 正在准备重新导入文件……
[  68% ] reimport | 正在准备重新导入文件……
[  68% ] reimport | 正在准备重新导入文件……
[  68% ] reimport | 正在准备重新导入文件……
[  68% ] reimport | 正在准备重新导入文件……
[  69% ] reimport | 正在准备重新导入文件……
[  69% ] reimport | 正在准备重新导入文件……
[  69% ] reimport | 正在准备重新导入文件……
[  69% ] reimport | 正在准备重新导入文件……
[  69% ] reimport | 正在准备重新导入文件……
[  69% ] reimport | 正在准备重新导入文件……
[  69% ] reimport | 正在准备重新导入文件……
[  69% ] reimport | 正在准备重新导入文件……
[  69% ] reimport | 正在准备重新导入文件……
[  69% ] reimport | 正在准备重新导入文件……
[  69% ] reimport | 正在准备重新导入文件……
[  69% ] reimport | 正在准备重新导入文件……
[  69% ] reimport | 正在准备重新导入文件……
[  69% ] reimport | 正在准备重新导入文件……
[  69% ] reimport | 正在准备重新导入文件……
[  70% ] reimport | 正在准备重新导入文件……
[  70% ] reimport | 正在准备重新导入文件……
[  70% ] reimport | 正在准备重新导入文件……
[  70% ] reimport | 正在准备重新导入文件……
[  70% ] reimport | 正在准备重新导入文件……
[  70% ] reimport | 正在准备重新导入文件……
[  70% ] reimport | 正在准备重新导入文件……
[  70% ] reimport | 正在准备重新导入文件……
[  70% ] reimport | 正在准备重新导入文件……
[  70% ] reimport | 正在准备重新导入文件……
[  70% ] reimport | 正在准备重新导入文件……
[  70% ] reimport | 正在准备重新导入文件……
[  70% ] reimport | 正在准备重新导入文件……
[  70% ] reimport | 正在准备重新导入文件……
[  70% ] reimport | 正在准备重新导入文件……
[  71% ] reimport | 正在准备重新导入文件……
[  71% ] reimport | 正在准备重新导入文件……
[  71% ] reimport | 正在准备重新导入文件……
[  71% ] reimport | 正在准备重新导入文件……
[  71% ] reimport | 正在准备重新导入文件……
[  71% ] reimport | 正在准备重新导入文件……
[  71% ] reimport | 正在准备重新导入文件……
[  71% ] reimport | 正在准备重新导入文件……
[  71% ] reimport | 正在准备重新导入文件……
[  71% ] reimport | 正在准备重新导入文件……
[  71% ] reimport | 正在准备重新导入文件……
[  71% ] reimport | 正在准备重新导入文件……
[  71% ] reimport | 正在准备重新导入文件……
[  71% ] reimport | 正在准备重新导入文件……
[  71% ] reimport | 正在准备重新导入文件……
[  72% ] reimport | 正在准备重新导入文件……
[  72% ] reimport | 正在准备重新导入文件……
[  72% ] reimport | 正在准备重新导入文件……
[  72% ] reimport | 正在准备重新导入文件……
[  72% ] reimport | 正在准备重新导入文件……
[  72% ] reimport | 正在准备重新导入文件……
[  72% ] reimport | 正在准备重新导入文件……
[  72% ] reimport | 正在准备重新导入文件……
[  72% ] reimport | 正在准备重新导入文件……
[  72% ] reimport | 正在准备重新导入文件……
[  72% ] reimport | 正在准备重新导入文件……
[  72% ] reimport | 正在准备重新导入文件……
[  72% ] reimport | 正在准备重新导入文件……
[  72% ] reimport | 正在准备重新导入文件……
[  73% ] reimport | 正在准备重新导入文件……
[  73% ] reimport | 正在准备重新导入文件……
[  73% ] reimport | 正在准备重新导入文件……
[  73% ] reimport | 正在准备重新导入文件……
[  73% ] reimport | 正在准备重新导入文件……
[  73% ] reimport | 正在准备重新导入文件……
[  73% ] reimport | 正在准备重新导入文件……
[  73% ] reimport | 正在准备重新导入文件……
[  73% ] reimport | 正在准备重新导入文件……
[  73% ] reimport | 正在准备重新导入文件……
[  73% ] reimport | 正在准备重新导入文件……
[  73% ] reimport | 正在准备重新导入文件……
[  73% ] reimport | 正在准备重新导入文件……
[  73% ] reimport | 正在准备重新导入文件……
[  73% ] reimport | 正在准备重新导入文件……
[  74% ] reimport | 正在准备重新导入文件……
[  74% ] reimport | 正在准备重新导入文件……
[  74% ] reimport | 正在准备重新导入文件……
[  74% ] reimport | 正在准备重新导入文件……
[  74% ] reimport | 正在准备重新导入文件……
[  74% ] reimport | 正在准备重新导入文件……
[  74% ] reimport | 正在准备重新导入文件……
[  74% ] reimport | 正在准备重新导入文件……
[  74% ] reimport | 正在准备重新导入文件……
[  74% ] reimport | 正在准备重新导入文件……
[  74% ] reimport | 正在准备重新导入文件……
[  74% ] reimport | 正在准备重新导入文件……
[  74% ] reimport | 正在准备重新导入文件……
[  74% ] reimport | 正在准备重新导入文件……
[  74% ] reimport | 正在准备重新导入文件……
[  75% ] reimport | 正在准备重新导入文件……
[  75% ] reimport | 正在准备重新导入文件……
[  75% ] reimport | 正在准备重新导入文件……
[  75% ] reimport | 正在准备重新导入文件……
[  75% ] reimport | 正在准备重新导入文件……
[  75% ] reimport | 正在准备重新导入文件……
[  75% ] reimport | 正在准备重新导入文件……
[  75% ] reimport | 正在准备重新导入文件……
[  75% ] reimport | 正在准备重新导入文件……
[  75% ] reimport | 正在准备重新导入文件……
[  75% ] reimport | 正在准备重新导入文件……
[  75% ] reimport | 正在准备重新导入文件……
[  75% ] reimport | 正在准备重新导入文件……
[  75% ] reimport | 正在准备重新导入文件……
[  76% ] reimport | 正在准备重新导入文件……
[  76% ] reimport | 正在准备重新导入文件……
[  76% ] reimport | 正在准备重新导入文件……
[  76% ] reimport | 正在准备重新导入文件……
[  76% ] reimport | 正在准备重新导入文件……
[  76% ] reimport | 正在准备重新导入文件……
[  76% ] reimport | 正在准备重新导入文件……
[  76% ] reimport | 正在准备重新导入文件……
[  76% ] reimport | 正在准备重新导入文件……
[  76% ] reimport | 正在准备重新导入文件……
[  76% ] reimport | 正在准备重新导入文件……
[  76% ] reimport | 正在准备重新导入文件……
[  76% ] reimport | 正在准备重新导入文件……
[  76% ] reimport | 正在准备重新导入文件……
[  76% ] reimport | 正在准备重新导入文件……
[  77% ] reimport | 正在准备重新导入文件……
[  77% ] reimport | 正在准备重新导入文件……
[  77% ] reimport | 正在准备重新导入文件……
[  77% ] reimport | 正在准备重新导入文件……
[  77% ] reimport | 正在准备重新导入文件……
[  77% ] reimport | 正在准备重新导入文件……
[  77% ] reimport | 正在准备重新导入文件……
[  77% ] reimport | 正在准备重新导入文件……
[  77% ] reimport | 正在准备重新导入文件……
[  77% ] reimport | 正在准备重新导入文件……
[  77% ] reimport | 正在准备重新导入文件……
[  77% ] reimport | 正在准备重新导入文件……
[  77% ] reimport | 正在准备重新导入文件……
[  77% ] reimport | 正在准备重新导入文件……
[  77% ] reimport | 正在准备重新导入文件……
[  78% ] reimport | 正在准备重新导入文件……
[  78% ] reimport | 正在准备重新导入文件……
[  78% ] reimport | 正在准备重新导入文件……
[  78% ] reimport | 正在准备重新导入文件……
[  78% ] reimport | 正在准备重新导入文件……
[  78% ] reimport | 正在准备重新导入文件……
[  78% ] reimport | 正在准备重新导入文件……
[  78% ] reimport | 正在准备重新导入文件……
[  78% ] reimport | 正在准备重新导入文件……
[  78% ] reimport | 正在准备重新导入文件……
[  78% ] reimport | 正在准备重新导入文件……
[  78% ] reimport | 正在准备重新导入文件……
[  78% ] reimport | 正在准备重新导入文件……
[  78% ] reimport | 正在准备重新导入文件……
[  78% ] reimport | 正在准备重新导入文件……
[  79% ] reimport | 正在准备重新导入文件……
[  79% ] reimport | 正在准备重新导入文件……
[  79% ] reimport | 正在准备重新导入文件……
[  79% ] reimport | 正在准备重新导入文件……
[  79% ] reimport | 正在准备重新导入文件……
[  79% ] reimport | 正在准备重新导入文件……
[  79% ] reimport | 正在准备重新导入文件……
[  79% ] reimport | 正在准备重新导入文件……
[  79% ] reimport | 正在准备重新导入文件……
[  79% ] reimport | 正在准备重新导入文件……
[  79% ] reimport | 正在准备重新导入文件……
[  79% ] reimport | 正在准备重新导入文件……
[  79% ] reimport | 正在准备重新导入文件……
[  79% ] reimport | 正在准备重新导入文件……
[  80% ] reimport | 正在准备重新导入文件……
[  80% ] reimport | 正在准备重新导入文件……
[  80% ] reimport | 正在准备重新导入文件……
[  80% ] reimport | 正在准备重新导入文件……
[  80% ] reimport | 正在准备重新导入文件……
[  80% ] reimport | 正在准备重新导入文件……
[  80% ] reimport | 正在准备重新导入文件……
[  80% ] reimport | 正在准备重新导入文件……
[  80% ] reimport | 正在准备重新导入文件……
[  80% ] reimport | 正在准备重新导入文件……
[  80% ] reimport | 正在准备重新导入文件……
[  80% ] reimport | 正在准备重新导入文件……
[  80% ] reimport | 正在准备重新导入文件……
[  80% ] reimport | 正在准备重新导入文件……
[  80% ] reimport | 正在准备重新导入文件……
[  81% ] reimport | 正在准备重新导入文件……
[  81% ] reimport | 正在准备重新导入文件……
[  81% ] reimport | 正在准备重新导入文件……
[  81% ] reimport | 正在准备重新导入文件……
[  81% ] reimport | 正在准备重新导入文件……
[  81% ] reimport | 正在准备重新导入文件……
[  81% ] reimport | 正在准备重新导入文件……
[  81% ] reimport | 正在准备重新导入文件……
[  81% ] reimport | 正在准备重新导入文件……
[  81% ] reimport | 正在准备重新导入文件……
[  81% ] reimport | 正在准备重新导入文件……
[  81% ] reimport | 正在准备重新导入文件……
[  81% ] reimport | 正在准备重新导入文件……
[  81% ] reimport | 正在准备重新导入文件……
[  81% ] reimport | 正在准备重新导入文件……
[  82% ] reimport | 正在准备重新导入文件……
[  82% ] reimport | 正在准备重新导入文件……
[  82% ] reimport | 正在准备重新导入文件……
[  82% ] reimport | 正在准备重新导入文件……
[  82% ] reimport | 正在准备重新导入文件……
[  82% ] reimport | 正在准备重新导入文件……
[  82% ] reimport | 正在准备重新导入文件……
[  82% ] reimport | 正在准备重新导入文件……
[  82% ] reimport | 正在准备重新导入文件……
[  82% ] reimport | 正在准备重新导入文件……
[  82% ] reimport | 正在准备重新导入文件……
[  82% ] reimport | 正在准备重新导入文件……
[  82% ] reimport | 正在准备重新导入文件……
[  82% ] reimport | 正在准备重新导入文件……
[  83% ] reimport | 正在准备重新导入文件……
[  83% ] reimport | 正在准备重新导入文件……
[  83% ] reimport | 正在准备重新导入文件……
[  83% ] reimport | 正在准备重新导入文件……
[  83% ] reimport | 正在准备重新导入文件……
[  83% ] reimport | 正在准备重新导入文件……
[  83% ] reimport | 正在准备重新导入文件……
[  83% ] reimport | 正在准备重新导入文件……
[  83% ] reimport | 正在准备重新导入文件……
[  83% ] reimport | 正在准备重新导入文件……
[  83% ] reimport | 正在准备重新导入文件……
[  83% ] reimport | 正在准备重新导入文件……
[  83% ] reimport | 正在准备重新导入文件……
[  83% ] reimport | 正在准备重新导入文件……
[  83% ] reimport | 正在准备重新导入文件……
[  84% ] reimport | 正在准备重新导入文件……
[  84% ] reimport | 正在准备重新导入文件……
[  84% ] reimport | 正在准备重新导入文件……
[  84% ] reimport | 正在准备重新导入文件……
[  84% ] reimport | 正在准备重新导入文件……
[  84% ] reimport | 正在准备重新导入文件……
[  84% ] reimport | 正在准备重新导入文件……
[  84% ] reimport | 正在准备重新导入文件……
[  84% ] reimport | 正在准备重新导入文件……
[  84% ] reimport | 正在准备重新导入文件……
[  84% ] reimport | 正在准备重新导入文件……
[  84% ] reimport | 正在准备重新导入文件……
[  84% ] reimport | 正在准备重新导入文件……
[  84% ] reimport | 正在准备重新导入文件……
[  84% ] reimport | 正在准备重新导入文件……
[  85% ] reimport | 正在准备重新导入文件……
[  85% ] reimport | 正在准备重新导入文件……
[  85% ] reimport | 正在准备重新导入文件……
[  85% ] reimport | 正在准备重新导入文件……
[  85% ] reimport | 正在准备重新导入文件……
[  85% ] reimport | 正在准备重新导入文件……
[  85% ] reimport | 正在准备重新导入文件……
[  85% ] reimport | 正在准备重新导入文件……
[  85% ] reimport | 正在准备重新导入文件……
[  85% ] reimport | 正在准备重新导入文件……
[  85% ] reimport | 正在准备重新导入文件……
[  85% ] reimport | 正在准备重新导入文件……
[  85% ] reimport | 正在准备重新导入文件……
[  85% ] reimport | 正在准备重新导入文件……
[  85% ] reimport | 正在准备重新导入文件……
[  86% ] reimport | 正在准备重新导入文件……
[  86% ] reimport | 正在准备重新导入文件……
[  86% ] reimport | 正在准备重新导入文件……
[  86% ] reimport | 正在准备重新导入文件……
[  86% ] reimport | 正在准备重新导入文件……
[  86% ] reimport | 正在准备重新导入文件……
[  86% ] reimport | 正在准备重新导入文件……
[  86% ] reimport | 正在准备重新导入文件……
[  86% ] reimport | 正在准备重新导入文件……
[  86% ] reimport | 正在准备重新导入文件……
[  86% ] reimport | 正在准备重新导入文件……
[  86% ] reimport | 正在准备重新导入文件……
[  86% ] reimport | 正在准备重新导入文件……
[  86% ] reimport | 正在准备重新导入文件……
[  87% ] reimport | 正在准备重新导入文件……
[  87% ] reimport | 正在准备重新导入文件……
[  87% ] reimport | 正在准备重新导入文件……
[  87% ] reimport | 正在准备重新导入文件……
[  87% ] reimport | 正在准备重新导入文件……
[  87% ] reimport | 正在准备重新导入文件……
[  87% ] reimport | 正在准备重新导入文件……
[  87% ] reimport | 正在准备重新导入文件……
[  87% ] reimport | 正在准备重新导入文件……
[  87% ] reimport | 正在准备重新导入文件……
[  87% ] reimport | 正在准备重新导入文件……
[  87% ] reimport | 正在准备重新导入文件……
[  87% ] reimport | 正在准备重新导入文件……
[  87% ] reimport | 正在准备重新导入文件……
[  87% ] reimport | 正在准备重新导入文件……
[  88% ] reimport | 正在准备重新导入文件……
[  88% ] reimport | 正在准备重新导入文件……
[  88% ] reimport | 正在准备重新导入文件……
[  88% ] reimport | 正在准备重新导入文件……
[  88% ] reimport | 正在准备重新导入文件……
[  88% ] reimport | 正在准备重新导入文件……
[  88% ] reimport | 正在准备重新导入文件……
[  88% ] reimport | 正在准备重新导入文件……
[  88% ] reimport | 正在准备重新导入文件……
[  88% ] reimport | 正在准备重新导入文件……
[  88% ] reimport | 正在准备重新导入文件……
[  88% ] reimport | 正在准备重新导入文件……
[  88% ] reimport | 正在准备重新导入文件……
[  88% ] reimport | 正在准备重新导入文件……
[  88% ] reimport | 正在准备重新导入文件……
[  89% ] reimport | 正在准备重新导入文件……
[  89% ] reimport | 正在准备重新导入文件……
[  89% ] reimport | 正在准备重新导入文件……
[  89% ] reimport | 正在准备重新导入文件……
[  89% ] reimport | 正在准备重新导入文件……
[  89% ] reimport | 正在准备重新导入文件……
[  89% ] reimport | 正在准备重新导入文件……
[  89% ] reimport | 正在准备重新导入文件……
[  89% ] reimport | 正在准备重新导入文件……
[  89% ] reimport | 正在准备重新导入文件……
[  89% ] reimport | 正在准备重新导入文件……
[  89% ] reimport | 正在准备重新导入文件……
[  89% ] reimport | 正在准备重新导入文件……
[  89% ] reimport | 正在准备重新导入文件……
[  90% ] reimport | 正在准备重新导入文件……
[  90% ] reimport | 正在准备重新导入文件……
[  90% ] reimport | 正在准备重新导入文件……
[  90% ] reimport | 正在准备重新导入文件……
[  90% ] reimport | 正在准备重新导入文件……
[  90% ] reimport | 正在准备重新导入文件……
[  90% ] reimport | 正在准备重新导入文件……
[  90% ] reimport | 正在准备重新导入文件……
[  90% ] reimport | 正在准备重新导入文件……
[  90% ] reimport | 正在准备重新导入文件……
[  90% ] reimport | 正在准备重新导入文件……
[  90% ] reimport | 正在准备重新导入文件……
[  90% ] reimport | 正在准备重新导入文件……
[  90% ] reimport | 正在准备重新导入文件……
[  90% ] reimport | 正在准备重新导入文件……
[  91% ] reimport | 正在准备重新导入文件……
[  91% ] reimport | 正在准备重新导入文件……
[  91% ] reimport | 正在准备重新导入文件……
[  91% ] reimport | 正在准备重新导入文件……
[  91% ] reimport | 正在准备重新导入文件……
[  91% ] reimport | 正在准备重新导入文件……
[  91% ] reimport | 正在准备重新导入文件……
[  91% ] reimport | 正在准备重新导入文件……
[  91% ] reimport | 正在准备重新导入文件……
[  91% ] reimport | 正在准备重新导入文件……
[  91% ] reimport | 正在准备重新导入文件……
[  91% ] reimport | 正在准备重新导入文件……
[  91% ] reimport | 正在准备重新导入文件……
[  91% ] reimport | 正在准备重新导入文件……
[  91% ] reimport | 正在准备重新导入文件……
[  92% ] reimport | 正在准备重新导入文件……
[  92% ] reimport | 正在准备重新导入文件……
[  92% ] reimport | 正在准备重新导入文件……
[  92% ] reimport | 正在准备重新导入文件……
[  92% ] reimport | 正在准备重新导入文件……
[  92% ] reimport | 正在准备重新导入文件……
[  92% ] reimport | 正在准备重新导入文件……
[  92% ] reimport | 正在准备重新导入文件……
[  92% ] reimport | 正在准备重新导入文件……
[  92% ] reimport | 正在准备重新导入文件……
[  92% ] reimport | 正在准备重新导入文件……
[  92% ] reimport | 正在准备重新导入文件……
[  92% ] reimport | 正在准备重新导入文件……
[  92% ] reimport | 正在准备重新导入文件……
[  92% ] reimport | 正在准备重新导入文件……
[  93% ] reimport | 正在准备重新导入文件……
[  93% ] reimport | 正在准备重新导入文件……
[  93% ] reimport | 正在准备重新导入文件……
[  93% ] reimport | 正在准备重新导入文件……
[  93% ] reimport | 正在准备重新导入文件……
[  93% ] reimport | 正在准备重新导入文件……
[  93% ] reimport | 正在准备重新导入文件……
[  93% ] reimport | 正在准备重新导入文件……
[  93% ] reimport | 正在准备重新导入文件……
[  93% ] reimport | 正在准备重新导入文件……
[  93% ] reimport | 正在准备重新导入文件……
[  93% ] reimport | 正在准备重新导入文件……
[  93% ] reimport | 正在准备重新导入文件……
[  93% ] reimport | 正在准备重新导入文件……
[  94% ] reimport | 正在准备重新导入文件……
[  94% ] reimport | 正在准备重新导入文件……
[  94% ] reimport | 正在准备重新导入文件……
[  94% ] reimport | 正在准备重新导入文件……
[  94% ] reimport | 正在准备重新导入文件……
[  94% ] reimport | 正在准备重新导入文件……
[  94% ] reimport | 正在准备重新导入文件……
[  94% ] reimport | 正在准备重新导入文件……
[  94% ] reimport | 正在准备重新导入文件……
[  94% ] reimport | 正在准备重新导入文件……
[  94% ] reimport | 正在准备重新导入文件……
[  94% ] reimport | 正在准备重新导入文件……
[  94% ] reimport | 正在准备重新导入文件……
[  94% ] reimport | 正在准备重新导入文件……
[  94% ] reimport | 正在准备重新导入文件……
[  95% ] reimport | 正在准备重新导入文件……
[  95% ] reimport | 正在准备重新导入文件……
[  95% ] reimport | 正在准备重新导入文件……
[  95% ] reimport | 正在准备重新导入文件……
[  95% ] reimport | 正在准备重新导入文件……
[  95% ] reimport | 正在准备重新导入文件……
[  95% ] reimport | 正在准备重新导入文件……
[  95% ] reimport | 正在准备重新导入文件……
[  95% ] reimport | 正在准备重新导入文件……
[  95% ] reimport | 正在准备重新导入文件……
[  95% ] reimport | 正在准备重新导入文件……
[  95% ] reimport | 正在准备重新导入文件……
[  95% ] reimport | 正在准备重新导入文件……
[  95% ] reimport | 正在准备重新导入文件……
[  95% ] reimport | 正在准备重新导入文件……
[  96% ] reimport | 正在准备重新导入文件……
[  96% ] reimport | 正在准备重新导入文件……
[  96% ] reimport | 正在准备重新导入文件……
[  96% ] reimport | 正在准备重新导入文件……
[  96% ] reimport | 正在准备重新导入文件……
[  96% ] reimport | 正在准备重新导入文件……
[  96% ] reimport | 正在准备重新导入文件……
[  96% ] reimport | 正在准备重新导入文件……
[  96% ] reimport | 正在准备重新导入文件……
[  96% ] reimport | 正在准备重新导入文件……
[  96% ] reimport | 正在准备重新导入文件……
[  96% ] reimport | 正在准备重新导入文件……
[  96% ] reimport | 正在准备重新导入文件……
[  96% ] reimport | 正在准备重新导入文件……
[  97% ] reimport | 正在准备重新导入文件……
[  97% ] reimport | 正在准备重新导入文件……
[  97% ] reimport | 正在准备重新导入文件……
[  97% ] reimport | 正在准备重新导入文件……
[  97% ] reimport | 正在准备重新导入文件……
[  97% ] reimport | 正在准备重新导入文件……
[  97% ] reimport | 正在准备重新导入文件……
[  97% ] reimport | 正在准备重新导入文件……
[  97% ] reimport | 正在准备重新导入文件……
[  97% ] reimport | 正在准备重新导入文件……
[  97% ] reimport | 正在准备重新导入文件……
[  97% ] reimport | 正在准备重新导入文件……
[  97% ] reimport | 正在准备重新导入文件……
[  97% ] reimport | 正在准备重新导入文件……
[  97% ] reimport | 正在准备重新导入文件……
[  98% ] reimport | 正在准备重新导入文件……
[  98% ] reimport | 正在准备重新导入文件……
[  98% ] reimport | 正在准备重新导入文件……
[  98% ] reimport | 正在准备重新导入文件……
[  98% ] reimport | 正在准备重新导入文件……
[  98% ] reimport | 正在准备重新导入文件……
[  98% ] reimport | 正在准备重新导入文件……
[  98% ] reimport | 正在准备重新导入文件……
[  98% ] reimport | 正在准备重新导入文件……
[  98% ] reimport | 正在准备重新导入文件……
[  98% ] reimport | 正在准备重新导入文件……
[  98% ] reimport | 正在准备重新导入文件……
[  98% ] reimport | 正在准备重新导入文件……
[  98% ] reimport | 正在准备重新导入文件……
[  98% ] reimport | 正在准备重新导入文件……
[  99% ] reimport | 正在准备重新导入文件……
[  99% ] reimport | 正在准备重新导入文件……
[  99% ] reimport | 正在准备重新导入文件……
[  99% ] reimport | 正在准备重新导入文件……
[  99% ] reimport | 正在准备重新导入文件……
[  99% ] reimport | 正在准备重新导入文件……
[  99% ] reimport | 正在准备重新导入文件……
[  99% ] reimport | 正在准备重新导入文件……
[  99% ] reimport | 正在准备重新导入文件……
[  99% ] reimport | 正在准备重新导入文件……
[  99% ] reimport | 正在准备重新导入文件……
[  99% ] reimport | 正在准备重新导入文件……
[  99% ] reimport | 正在准备重新导入文件……
[   0% ] reimport | 正在执行重新导入的前置操作……
[   0% ] reimport | NotoSansSC-Bold.otf
[   0% ] reimport | NotoSansSC-Regular.otf
[   0% ] reimport | NotoSerifCJKsc-SemiBold.otf
[   0% ] reimport | ZCOOLXiaoWei-Regular.ttf
[   0% ] reimport | NotoSansSC-Bold.otf
[   0% ] reimport | NotoSansSC-Regular.otf
[   0% ] reimport | NotoSerifCJKsc-SemiBold.otf
[   0% ] reimport | ZCOOLXiaoWei-Regular.ttf
[   0% ] reimport | bgm_home.ogg
[   0% ] reimport | bgm_map.ogg
[   0% ] reimport | NotoSansSC-Bold.otf
[   0% ] reimport | NotoSansSC-Regular.otf
[   0% ] reimport | NotoSerifCJKsc-SemiBold.otf
[   0% ] reimport | ZCOOLXiaoWei-Regular.ttf
[   0% ] reimport | bgm_home.ogg
[   1% ] reimport | bgm_map.ogg
[   1% ] reimport | bgm_route.ogg
[   1% ] reimport | bgm_title.ogg
[   1% ] reimport | bgm_city.ogg
[   1% ] reimport | bgm_battle.ogg
[   1% ] reimport | b_monster_puppet_guard.png
[   1% ] reimport | b_monster_poison_python.png
[   1% ] reimport | b_monster_mud_monster.png
[   1% ] reimport | b_monster_fire_salamander.png
[   1% ] reimport | b_monster_evil_wolf.png
[   1% ] reimport | b_monster_blood_bat.png
[   1% ] reimport | b_monster_black_wind_chief.png
[   1% ] reimport | b_bandit.png
[   1% ] reimport | h3_map_deco_atlas.png
[   1% ] reimport | h2_grass_tileset.png
[   2% ] reimport | h1_grass_map_anchor.png
[   2% ] reimport | 045_deco_desert_sandstone.png
[   2% ] reimport | 038_deco_volcano_lavarock.png
[   2% ] reimport | 037_deco_snow_snowdrift.png
[   2% ] reimport | 035_deco_snow_pine.png
[   2% ] reimport | 032_deco_forest_grass.png
[   2% ] reimport | 031_deco_forest_shrub.png
[   2% ] reimport | 030_deco_forest_rocks.png
[   2% ] reimport | 029_deco_forest_deadtree.png
[   2% ] reimport | 028_deco_forest_tree.png
[   2% ] reimport | 025_tile_forest_path_sheet_00_15.png
[   2% ] reimport | 024_tile_castle_3.png
[   2% ] reimport | mon_scorp.png
[   2% ] reimport | mon_sandwyrm.png
[   2% ] reimport | mon_plague.png
[   3% ] reimport | mon_mummy.png
[   3% ] reimport | mon_magmagolem.png
[   3% ] reimport | mon_icespirit.png
[   3% ] reimport | mon_ghost.png
[   3% ] reimport | mon_frostwalrus.png
[   3% ] reimport | mon_frostmage.png
[   3% ] reimport | mon_frostguard.png
[   3% ] reimport | mon_cultist.png
[   3% ] reimport | mon_cryptspider.png
[   3% ] reimport | mon_boss_volcano.png
[   3% ] reimport | mon_boss_tomb.png
[   3% ] reimport | mon_boss_snow.png
[   3% ] reimport | mon_boss_glacier.png
[   3% ] reimport | mon_boss_desert.png
[   4% ] reimport | mon_boss_castle.png
[   4% ] reimport | mon_boss_abyss.png
[   4% ] reimport | mon_blackknight.png
[   4% ] reimport | mon_ashimp.png
[   4% ] reimport | b_monster_skeleton_swordsman.png
[   4% ] reimport | b_monster_rock_eagle.png
[   4% ] reimport | e_effect_white_lightning.png
[   4% ] reimport | e_effect_red_claw_marks.png
[   4% ] reimport | e_effect_purple_void.png
[   4% ] reimport | e_effect_green_vine_ring.png
[   4% ] reimport | e_effect_gold_sword_rain.png
[   4% ] reimport | e_effect_gold_holy_slash.png
[   4% ] reimport | e_effect_blue_ice_burst.png
[   4% ] reimport | e_effect_area_spell_circle.png
[   4% ] reimport | world_volcano.png
[   5% ] reimport | world_tomb.png
[   5% ] reimport | world_snow.png
[   5% ] reimport | world_glacier.png
[   5% ] reimport | world_forest.png
[   5% ] reimport | world_desert.png
[   5% ] reimport | world_castle.png
[   5% ] reimport | world_abyss.png
[   5% ] reimport | g_title_background.png
[   5% ] reimport | g_mountain_pass.png
[   5% ] reimport | g_main_city.png
[   5% ] reimport | g_lorin_wilds.png
[   5% ] reimport | g_black_wind_camp.png
[   5% ] reimport | 361_city_forge.png
[   5% ] reimport | 360_city_shrine.png
[   5% ] reimport | 023_tile_castle_2.png
[   6% ] reimport | 022_tile_castle_1.png
[   6% ] reimport | 021_tile_abyss_3.png
[   6% ] reimport | 020_tile_abyss_2.png
[   6% ] reimport | 019_tile_abyss_1.png
[   6% ] reimport | 018_tile_glacier_3.png
[   6% ] reimport | 017_tile_glacier_2.png
[   6% ] reimport | 016_tile_glacier_1.png
[   6% ] reimport | 015_tile_desert_3.png
[   6% ] reimport | 014_tile_desert_2.png
[   6% ] reimport | 013_tile_desert_1.png
[   6% ] reimport | 012_tile_tomb_3.png
[   6% ] reimport | 011_tile_tomb_2.png
[   6% ] reimport | 010_tile_tomb_1.png
[   6% ] reimport | 009_tile_volcano_3.png
[   7% ] reimport | 008_tile_volcano_2.png
[   7% ] reimport | 007_tile_volcano_1.png
[   7% ] reimport | 006_tile_snow_3.png
[   7% ] reimport | 005_tile_snow_2.png
[   7% ] reimport | 004_tile_snow_1.png
[   7% ] reimport | 003_tile_forest_3.png
[   7% ] reimport | 002_tile_forest_2.png
[   7% ] reimport | 001_tile_forest_1.png
[   7% ] reimport | f6_icon_mount.png
[   7% ] reimport | f6_icon_mail.png
[   7% ] reimport | f6_icon_backpack.png
[   7% ] reimport | f5_digits.png
[   7% ] reimport | f4_mp_frame.png
[   7% ] reimport | f4_hp_frame.png
[   7% ] reimport | f3_panel_wood.png
[   8% ] reimport | f3_panel_parchment.png
[   8% ] reimport | f2_plaque.png
[   8% ] reimport | f1_button_pressed.png
[   8% ] reimport | f1_button_normal.png
[   8% ] reimport | f1_button_hover.png
[   8% ] reimport | f1_button_disabled.png
[   8% ] reimport | a4_zs_nv_avatar.png
[   8% ] reimport | a4_zs_nan_avatar.png
[   8% ] reimport | a4_ls_nv_avatar.png
[   8% ] reimport | a4_ls_nan_avatar.png
[   8% ] reimport | a4_fs_nv_avatar.png
[   8% ] reimport | a4_fs_nan_avatar.png
[   8% ] reimport | a3_zs_walk_grid.png
[   8% ] reimport | a3_ls_walk_grid.png
[   8% ] reimport | a3_fs_walk_grid.png
[   9% ] reimport | lorin_wilds_grass_v2.png
[   9% ] reimport | lorin_wilds_grass_v1.png
[   9% ] reimport | frost_post_ground_reference_v2.png
[   9% ] reimport | frost_brazier_reference_v2.png
[   9% ] reimport | classic_floor_reference_v2.png
[   9% ] reimport | classic_floor_reference_v1.png
[   9% ] reimport | city_storehouse_reference_v2.png
[   9% ] reimport | city_shrine_reference_v2.png
[   9% ] reimport | city_kennel_reference_v2.png
[   9% ] reimport | city_hall_reference_v2.png
[   9% ] reimport | city_gate_reference_v2.png
[   9% ] reimport | city_frost_supply_reference_v2.png
[   9% ] reimport | city_frost_lodge_reference_v2.png
[   9% ] reimport | city_frost_guardhouse_reference_v2.png
[   9% ] reimport | city_forge_reference_v2.png
[  10% ] reimport | city_barracks_reference_v2.png
[  10% ] reimport | city_archive_reference_v2.png
[  10% ] reimport | abyss_ring_ground_reference_v1.png
[  10% ] reimport | f6_icon_social.png
[  10% ] reimport | f6_icon_shop.png
[  10% ] reimport | f6_icon_settings.png
[  10% ] reimport | f6_icon_quest.png
[  10% ] reimport | f6_icon_pet.png
[  10% ] reimport | d_pet_fire_fox.png
[  10% ] reimport | c_mount_zq_sj.png
[  10% ] reimport | c_mount_zq_sj2.png
[  10% ] reimport | c_mount_zq_mj.png
[  10% ] reimport | c_mount_zq_mj2.png
[  10% ] reimport | c_mount_zq_lxn.png
[  11% ] reimport | c_mount_zq_lxn2.png
[  11% ] reimport | c_mount_zq_jxl.png
[  11% ] reimport | c_mount_zq_jxl2.png
[  11% ] reimport | c_mount_zq_dyq.png
[  11% ] reimport | c_mount_zq_dyq2.png
[  11% ] reimport | c_mount_zq_bl.png
[  11% ] reimport | c_mount_zq_bl2.png
[  11% ] reimport | c_mount_frost_wolf.png
[  11% ] reimport | c_mount_frost_wolf2.png
[  11% ] reimport | c_mount_flame_steed.png
[  11% ] reimport | c_mount_flame_steed2.png
[  11% ] reimport | mon_yeti.png
[  11% ] reimport | mon_voidling.png
[  11% ] reimport | mon_treant.png
[  11% ] reimport | mon_traitor.png
[  12% ] reimport | mon_spider.png
[  12% ] reimport | mon_shade.png
[  12% ] reimport | a2_zs_nv_combat.png
[  12% ] reimport | a2_zs_nan_combat.png
[  12% ] reimport | a2_ls_nv_combat.png
[  12% ] reimport | a2_ls_nan_combat.png
[  12% ] reimport | a2_fs_nv_combat.png
[  12% ] reimport | a2_fs_nan_combat.png
[  12% ] reimport | a1_zs_nv_anchor.png
[  12% ] reimport | a1_zs_nan_anchor.png
[  12% ] reimport | a1_ls_nv_anchor.png
[  12% ] reimport | a1_ls_nan_anchor.png
[  12% ] reimport | a1_fs_nv_anchor.png
[  12% ] reimport | a1_fs_nan_anchor.png
[  12% ] reimport | pet_thunderhawk.png
[  13% ] reimport | pet_shadowviper.png
[  13% ] reimport | pet_rockturtle.png
[  13% ] reimport | pet_holydeer.png
[  13% ] reimport | pet_frostwolf.png
[  13% ] reimport | pet_foxfire.png
[  13% ] reimport | pet_eyescat.png
[  13% ] reimport | pet_emberling.png
[  13% ] reimport | d_pet_turtle_chancellor.png
[  13% ] reimport | d_pet_thunder_sparrow.png
[  13% ] reimport | d_pet_snow_mink.png
[  13% ] reimport | 266_gem_def_4.png
[  13% ] reimport | 265_gem_def_3.png
[  13% ] reimport | 264_gem_def_2.png
[  13% ] reimport | 263_gem_def_1.png
[  14% ] reimport | 262_gem_atk_5.png
[  14% ] reimport | 261_gem_atk_4.png
[  14% ] reimport | 260_gem_atk_3.png
[  14% ] reimport | 259_gem_atk_2.png
[  14% ] reimport | 258_gem_atk_1.png
[  14% ] reimport | 257_ui_panel_season.png
[  14% ] reimport | 256_ui_panel_pvp_team.png
[  14% ] reimport | 255_ui_panel_pvp_match.png
[  14% ] reimport | 254_ui_panel_pvp_lobby.png
[  14% ] reimport | 253_rank_diamond.png
[  14% ] reimport | 252_rank_platinum.png
[  14% ] reimport | 251_rank_gold.png
[  14% ] reimport | 250_rank_silver.png
[  14% ] reimport | 249_rank_bronze.png
[  14% ] reimport | 248_ui_banner_gacha.png
[  15% ] reimport | 247_ui_banner_event.png
[  15% ] reimport | 246_ui_notice.png
[  15% ] reimport | 245_ui_exchange.png
[  15% ] reimport | 289_itm_potion_hp_l.png
[  15% ] reimport | 288_itm_potion_hp_m.png
[  15% ] reimport | 287_itm_potion_hp_s.png
[  15% ] reimport | 286_itm_ticket_sweep.png
[  15% ] reimport | 285_itm_ticket_ten.png
[  15% ] reimport | 284_itm_gold_shard.png
[  15% ] reimport | 283_itm_break_crystal.png
[  15% ] reimport | 282_itm_evolve_crystal.png
[  15% ] reimport | 281_itm_pet_book.png
[  15% ] reimport | 280_itm_refine_stone.png
[  15% ] reimport | 279_itm_enhance_stone.png
[  15% ] reimport | 278_itm_aptitude_fruit.png
[  16% ] reimport | 277_itm_pet_food.png
[  16% ] reimport | 276_cur_honor.png
[  16% ] reimport | 275_cur_soul.png
[  16% ] reimport | 274_cur_expedition.png
[  16% ] reimport | 273_cur_gold.png
[  16% ] reimport | 272_gem_hp_5.png
[  16% ] reimport | 271_gem_hp_4.png
[  16% ] reimport | 270_gem_hp_3.png
[  16% ] reimport | 269_gem_hp_2.png
[  16% ] reimport | 268_gem_hp_1.png
[  16% ] reimport | 267_gem_def_5.png
[  16% ] reimport | 221_frame_white.png
[  16% ] reimport | 220_node_boss.png
[  16% ] reimport | 219_node_campfire.png
[  16% ] reimport | 218_node_shop.png
[  17% ] reimport | 217_node_chest.png
[  17% ] reimport | 216_node_event.png
[  17% ] reimport | 215_node_elite.png
[  17% ] reimport | 214_node_normal.png
[  17% ] reimport | 213_node_start.png
[  17% ] reimport | 212_sk_fz_poxiao.png
[  17% ] reimport | 211_sk_fz_zhudao.png
[  17% ] reimport | 210_sk_fz_jinghua.png
[  17% ] reimport | 209_sk_fz_puzhao.png
[  17% ] reimport | 208_sk_fz_shengyu.png
[  17% ] reimport | 207_sk_fs_yanmie.png
[  17% ] reimport | 206_sk_fs_midun.png
[  17% ] reimport | 205_sk_fs_tianyun.png
[  17% ] reimport | 204_sk_fs_shuanghuan.png
[  18% ] reimport | 203_sk_fs_shuangren.png
[  18% ] reimport | 202_sk_ck_qingxie.png
[  18% ] reimport | 201_sk_ck_dunying.png
[  18% ] reimport | ui_kenney_hp_fill.png
[  18% ] reimport | ui_kenney_hp_back.png
[  18% ] reimport | 244_ui_signin.png
[  18% ] reimport | 243_ui_panel_odds.png
[  18% ] reimport | 242_icon_vault.png
[  18% ] reimport | 241_icon_altar.png
[  18% ] reimport | 240_fx_gacha_burst.png
[  18% ] reimport | 239_fx_gacha_flip.png
[  18% ] reimport | 238_gacha_card_gold.png
[  18% ] reimport | 237_gacha_card_purple.png
[  18% ] reimport | 236_gacha_card_blue.png
[  18% ] reimport | 235_gacha_card_white.png
[  19% ] reimport | 234_ui_panel_gold_btn.png
[  19% ] reimport | 233_ui_panel_card.png
[  19% ] reimport | 232_ui_panel_battle.png
[  19% ] reimport | 231_icon_double_edge.png
[  19% ] reimport | 230_school_summon.png
[  19% ] reimport | 229_school_energy.png
[  19% ] reimport | 228_school_control.png
[  19% ] reimport | 227_school_thorns.png
[  19% ] reimport | 226_school_crit.png
[  19% ] reimport | 225_school_bleed.png
[  19% ] reimport | 224_frame_gold.png
[  19% ] reimport | 223_frame_purple.png
[  19% ] reimport | 222_frame_blue.png
[  19% ] reimport | city_port_market.png
[  19% ] reimport | city_port_kennel.png
[  20% ] reimport | city_port_hall.png
[  20% ] reimport | city_kennel.png
[  20% ] reimport | city_hall.png
[  20% ] reimport | city_gate.png
[  20% ] reimport | city_forge.png
[  20% ] reimport | city_barracks.png
[  20% ] reimport | city_archive.png
[  20% ] reimport | 341_world_castle.png
[  20% ] reimport | 340_world_abyss.png
[  20% ] reimport | 339_world_glacier.png
[  20% ] reimport | 338_world_desert.png
[  20% ] reimport | 337_world_tomb.png
[  20% ] reimport | 336_world_volcano.png
[  20% ] reimport | 335_world_snow.png
[  21% ] reimport | 334_world_forest.png
[  21% ] reimport | world_volcano.png
[  21% ] reimport | world_tomb.png
[  21% ] reimport | world_snow.png
[  21% ] reimport | world_glacier.png
[  21% ] reimport | world_forest.png
[  21% ] reimport | world_desert.png
[  21% ] reimport | 359_city_storehouse.png
[  21% ] reimport | 358_city_barracks.png
[  21% ] reimport | 357_city_kennel.png
[  21% ] reimport | 356_city_archive.png
[  21% ] reimport | 355_city_gate.png
[  21% ] reimport | 354_city_hall.png
[  21% ] reimport | 362_mon_arena_dummy.png
[  21% ] reimport | 353_npc_guest_idle_single.png
[  22% ] reimport | 352_npc_child_idle_single.png
[  22% ] reimport | 351_npc_warden_idle_single.png
[  22% ] reimport | 350_npc_smith_idle_single.png
[  22% ] reimport | 349_npc_keeper_idle_single.png
[  22% ] reimport | 348_npc_scribe_idle_single.png
[  22% ] reimport | 347_npc_guard_idle_single.png
[  22% ] reimport | 346_npc_steward_idle_single.png
[  22% ] reimport | 345_npc_child_portrait.png
[  22% ] reimport | 344_npc_scribe_portrait.png
[  22% ] reimport | 343_npc_guard_portrait.png
[  22% ] reimport | 342_npc_steward_portrait.png
[  22% ] reimport | mon_arena_dummy.png
[  22% ] reimport | city_storehouse.png
[  22% ] reimport | city_shrine.png
[  22% ] reimport | city_port_warehouse.png
[  23% ] reimport | 312_slot_accessory.png
[  23% ] reimport | 311_slot_armor.png
[  23% ] reimport | 310_slot_hammer.png
[  23% ] reimport | 309_slot_staff.png
[  23% ] reimport | 308_slot_spear.png
[  23% ] reimport | 307_slot_sword.png
[  23% ] reimport | 306_ui_panel_skillbook.png
[  23% ] reimport | 305_ui_panel_title.png
[  23% ] reimport | 304_ui_panel_mount.png
[  23% ] reimport | 303_ui_panel_refine.png
[  23% ] reimport | 302_ui_panel_equip.png
[  23% ] reimport | 301_ui_panel_talent.png
[  23% ] reimport | 300_itm_lock_rune.png
[  23% ] reimport | 299_itm_map_scrap.png
[  23% ] reimport | 298_itm_torch.png
[  24% ] reimport | 297_itm_antidote.png
[  24% ] reimport | 296_itm_herb.png
[  24% ] reimport | 295_itm_magic_crystal.png
[  24% ] reimport | 294_itm_dragon_scale.png
[  24% ] reimport | 293_itm_mithril.png
[  24% ] reimport | 292_itm_iron_ore.png
[  24% ] reimport | 291_itm_revive_feather.png
[  24% ] reimport | 290_itm_energy_dew.png
[  24% ] reimport | world_castle.png
[  24% ] reimport | world_abyss.png
[  24% ] reimport | 333_mkt_store.png
[  24% ] reimport | 332_mkt_loading.png
[  24% ] reimport | 331_mkt_splash.png
[  24% ] reimport | 330_mkt_logo.png
[  25% ] reimport | 329_icon_app.png
[  25% ] reimport | 328_fx_mount_summon.png
[  25% ] reimport | 327_mount_sandlizard_elite.png
[  25% ] reimport | 326_mount_sandlizard.png
[  25% ] reimport | 325_mount_woolyrhino_elite.png
[  25% ] reimport | 324_mount_woolyrhino.png
[  25% ] reimport | 323_mount_nightmare_elite.png
[  25% ] reimport | 322_mount_nightmare.png
[  25% ] reimport | 321_mount_griffin_elite.png
[  25% ] reimport | 320_mount_griffin.png
[  25% ] reimport | 319_mount_bear_elite.png
[  25% ] reimport | 318_mount_bear.png
[  25% ] reimport | 317_mount_horse_elite.png
[  25% ] reimport | 316_mount_horse.png
[  25% ] reimport | 315_npc_courier.png
[  26% ] reimport | 314_npc_blacksmith.png
[  26% ] reimport | 313_npc_merchant.png
[  26% ] reimport | all_roles_4dir_preview.png
[  26% ] reimport | pojun_candidate.png
[  26% ] reimport | side_review.png
[  26% ] reimport | shuangyu_candidate.png
[  26% ] reimport | pojun_candidate.png
[  26% ] reimport | chuanyang_candidate.png
[  26% ] reimport | chenxing_candidate.png
[  26% ] reimport | side_review.png
[  26% ] reimport | shuangyu_sheet.png
[  26% ] reimport | pojun_sheet.png
[  26% ] reimport | chuanyang_sheet.png
[  26% ] reimport | chenxing_sheet.png
[  26% ] reimport | shuangyu_frames.png
[  27% ] reimport | pojun_frames.png
[  27% ] reimport | chuanyang_frames.png
[  27% ] reimport | chenxing_frames.png
[  27% ] reimport | shuangyu_frames.png
[  27% ] reimport | pojun_frames.png
[  27% ] reimport | chuanyang_frames.png
[  27% ] reimport | chenxing_frames.png
[  27% ] reimport | shuangyu_frames.png
[  27% ] reimport | pojun_frames.png
[  27% ] reimport | frontback_packed.png
[  27% ] reimport | chuanyang_sheet.png
[  27% ] reimport | chenxing_sheet.png
[  27% ] reimport | sides_zoom_clean.png
[  27% ] reimport | shuangyu_sheet.png
[  28% ] reimport | pojun_sheet.png
[  28% ] reimport | chuanyang_sheet.png
[  28% ] reimport | chenxing_sheet.png
[  28% ] reimport | all_roles.png
[  28% ] reimport | walk_preview_phases.png
[  28% ] reimport | v12_side_rows.png
[  28% ] reimport | shuangyu_sheet.png
[  28% ] reimport | pojun_sheet.png
[  28% ] reimport | chuanyang_sheet.png
[  28% ] reimport | chenxing_sheet.png
[  28% ] reimport | all_roles_4dir_preview.png
[  28% ] reimport | side_frame0.png
[  28% ] reimport | sides_zoom_clean.png
[  28% ] reimport | sides_zoom.png
[  28% ] reimport | shuangyu_sheet.png
[  29% ] reimport | pojun_sheet.png
[  29% ] reimport | chuanyang_sheet.png
[  29% ] reimport | chenxing_sheet.png
[  29% ] reimport | chenxing_walk_4dir_raw_v1_alpha.png
[  29% ] reimport | chenxing_walk_4dir_raw_v1.png
[  29% ] reimport | chenxing_walk_4dir_edit_v2.png
[  29% ] reimport | chenxing_walk4_keyframes_v4_alpha.png
[  29% ] reimport | chenxing_walk4_keyframes_v4.png
[  29% ] reimport | chenxing_idle_reference_v2.png
[  29% ] reimport | chenxing_icon_reference_v2.png
[  29% ] reimport | chenxing_animation_grid_source.png
[  29% ] reimport | shuangyu_walk_4dir.png
[  29% ] reimport | shuangyu_spritesheet.png
[  29% ] reimport | shuangyu_idle.png
[  29% ] reimport | shuangyu_icon.png
[  30% ] reimport | shuangyu_walk_video_v15_cleanup.png
[  30% ] reimport | shuangyu_walk_video_v15.png
[  30% ] reimport | shuangyu_walk_v13.png
[  30% ] reimport | shuangyu_walk_v10.png
[  30% ] reimport | shuangyu_walk_v6.png
[  30% ] reimport | shuangyu_walk_up_strip_v5_alpha.png
[  30% ] reimport | shuangyu_walk_up_strip_v5.png
[  30% ] reimport | shuangyu_walk_side_v8.png
[  30% ] reimport | shuangyu_walk_side_v7.png
[  30% ] reimport | shuangyu_walk_right_strip_v5_alpha.png
[  30% ] reimport | shuangyu_walk_right_strip_v5.png
[  30% ] reimport | chuanyang_frames.png
[  30% ] reimport | chenxing_frames.png
[  30% ] reimport | chenxing_walk_4dir.png
[  30% ] reimport | chenxing_spritesheet.png
[  31% ] reimport | chenxing_sheet.png
[  31% ] reimport | chenxing_idle.png
[  31% ] reimport | chenxing_icon.png
[  31% ] reimport | chenxing_walk_v13.png
[  31% ] reimport | chenxing_walk_v10.png
[  31% ] reimport | chenxing_walk_v6.png
[  31% ] reimport | chenxing_walk_up_strip_v5_alpha.png
[  31% ] reimport | chenxing_walk_up_strip_v5.png
[  31% ] reimport | chenxing_walk_side_v8.png
[  31% ] reimport | chenxing_walk_side_v7.png
[  31% ] reimport | chenxing_walk_right_strip_v5_alpha.png
[  31% ] reimport | chenxing_walk_right_strip_v5.png
[  31% ] reimport | chenxing_walk_left_strip_v5_alpha.png
[  31% ] reimport | chenxing_walk_left_strip_v5.png
[  32% ] reimport | chenxing_walk_down_strip_v5_alpha.png
[  32% ] reimport | chenxing_walk_down_strip_v5.png
[  32% ] reimport | chenxing_walk_before_v8.png
[  32% ] reimport | chenxing_walk_before_v7.png
[  32% ] reimport | chenxing_walk_before_v6.png
[  32% ] reimport | pojun_sheet.png
[  32% ] reimport | pojun_idle.png
[  32% ] reimport | pojun_icon.png
[  32% ] reimport | pojun_walk_v13.png
[  32% ] reimport | pojun_walk_v10.png
[  32% ] reimport | pojun_walk_v6.png
[  32% ] reimport | pojun_walk_up_strip_v5_alpha.png
[  32% ] reimport | pojun_walk_up_strip_v5.png
[  32% ] reimport | pojun_walk_side_v9.png
[  32% ] reimport | pojun_walk_side_v8.png
[  33% ] reimport | pojun_walk_side_v7.png
[  33% ] reimport | pojun_walk_right_strip_v5_alpha.png
[  33% ] reimport | pojun_walk_right_strip_v5.png
[  33% ] reimport | pojun_walk_left_strip_v5_alpha.png
[  33% ] reimport | pojun_walk_left_strip_v5.png
[  33% ] reimport | pojun_walk_down_strip_v5_alpha.png
[  33% ] reimport | pojun_walk_down_strip_v5.png
[  33% ] reimport | pojun_walk_before_v8.png
[  33% ] reimport | pojun_walk_before_v7.png
[  33% ] reimport | pojun_walk_before_v6.png
[  33% ] reimport | pojun_walk_4dir_reference_v3_alpha.png
[  33% ] reimport | pojun_walk_4dir_reference_v3.png
[  33% ] reimport | icon.svg
[  33% ] reimport | expedition_wordmark_v1.png
[  33% ] reimport | mon_snowveil_lord.png
[  34% ] reimport | mon_redsand_guard.png
[  34% ] reimport | mon_frost_eye.svg
[  34% ] reimport | itm_veil_seal.svg
[  34% ] reimport | itm_mine_record.svg
[  34% ] reimport | itm_gate_stamp.svg
[  34% ] reimport | itm_frost_reply.svg
[  34% ] reimport | itm_frost_parcel.svg
[  34% ] reimport | itm_frost_nameplate.svg
[  34% ] reimport | itm_frost_letter.svg
[  34% ] reimport | npc_port_worker_idle.png
[  34% ] reimport | npc_port_trader_idle.png
[  34% ] reimport | npc_port_keeper_idle.png
[  34% ] reimport | npc_harbormaster_idle.png
[  34% ] reimport | mon_salt_crab.png
[  35% ] reimport | city_port_warehouse.png
[  35% ] reimport | city_port_market.png
[  35% ] reimport | city_port_kennel.png
[  35% ] reimport | city_port_hall.png
[  35% ] reimport | pojun_walk_4dir.png
[  35% ] reimport | pojun_spritesheet.png
[  35% ] reimport | pojun_contact_4x4_v14_test.png
[  35% ] reimport | pojun_contact_4x4_test.png
[  35% ] reimport | chuanyang_sheet_4x4_v14_test.png
[  35% ] reimport | chuanyang_sheet_4x4_test.png
[  35% ] reimport | chuanyang_sheet_4x4_masktest2.png
[  35% ] reimport | chuanyang_right0_grid.png
[  35% ] reimport | chuanyang_optflow_test.png
[  35% ] reimport | chuanyang_contact_6x4.png
[  35% ] reimport | chuanyang_contact_4x4_v14_test.png
[  36% ] reimport | chuanyang_contact_4x4_test.png
[  36% ] reimport | chenxing_sheet_4x4_v14_test.png
[  36% ] reimport | chenxing_sheet_4x4_test.png
[  36% ] reimport | chenxing_sheet_4x4_masktest2.png
[  36% ] reimport | chenxing_optflow_test.png
[  36% ] reimport | chenxing_contact_6x4.png
[  36% ] reimport | chenxing_contact_4x4_v14_test.png
[  36% ] reimport | chenxing_contact_4x4_test.png
[  36% ] reimport | walk_preview_phases.png
[  36% ] reimport | side_walk_preview_phases.png
[  36% ] reimport | shuangyu_sheet.png
[  36% ] reimport | pojun_sheet.png
[  36% ] reimport | front_side_feet_detail.png
[  36% ] reimport | frontback_raw.png
[  36% ] reimport | pojun_walk_4dir_raw_v1_alpha.png
[  37% ] reimport | pojun_walk_4dir_raw_v1.png
[  37% ] reimport | pojun_walk_4dir_edit_v2.png
[  37% ] reimport | pojun_walk4_keyframes_v4_alpha.png
[  37% ] reimport | pojun_walk4_keyframes_v4.png
[  37% ] reimport | walk_preview_v14_candidate_phases.png
[  37% ] reimport | shuangyu_sheet_4x4_v14_test.png
[  37% ] reimport | shuangyu_sheet_4x4_test.png
[  37% ] reimport | shuangyu_sheet_4x4_masktest2.png
[  37% ] reimport | shuangyu_optflow_test.png
[  37% ] reimport | shuangyu_contact_6x4.png
[  37% ] reimport | shuangyu_contact_4x4_v14_test.png
[  37% ] reimport | shuangyu_contact_4x4_test.png
[  37% ] reimport | pojun_side_v5_contact.png
[  37% ] reimport | pojun_side_onefoot_test.png
[  38% ] reimport | pojun_side_mask_test.png
[  38% ] reimport | pojun_sheet_4x4_v14_test.png
[  38% ] reimport | pojun_sheet_4x4_test.png
[  38% ] reimport | pojun_sheet_4x4_masktest2.png
[  38% ] reimport | pojun_optflow_test.png
[  38% ] reimport | pojun_left_0_2_grid.png
[  38% ] reimport | pojun_down_contact.png
[  38% ] reimport | pojun_contact_6x4.png
[  38% ] reimport | 025_tile_forest_path_sheet_00_15.png
[  38% ] reimport | 024_tile_castle_3.png
[  38% ] reimport | 023_tile_castle_2.png
[  38% ] reimport | 022_tile_castle_1.png
[  38% ] reimport | 021_tile_abyss_3.png
[  38% ] reimport | 020_tile_abyss_2.png
[  38% ] reimport | 019_tile_abyss_1.png
[  39% ] reimport | 018_tile_glacier_3.png
[  39% ] reimport | 017_tile_glacier_2.png
[  39% ] reimport | 016_tile_glacier_1.png
[  39% ] reimport | 015_tile_desert_3.png
[  39% ] reimport | 014_tile_desert_2.png
[  39% ] reimport | 013_tile_desert_1.png
[  39% ] reimport | 012_tile_tomb_3.png
[  39% ] reimport | 011_tile_tomb_2.png
[  39% ] reimport | 010_tile_tomb_1.png
[  39% ] reimport | 009_tile_volcano_3.png
[  39% ] reimport | 008_tile_volcano_2.png
[  39% ] reimport | 007_tile_volcano_1.png
[  39% ] reimport | 006_tile_snow_3.png
[  39% ] reimport | 005_tile_snow_2.png
[  39% ] reimport | 004_tile_snow_1.png
[  40% ] reimport | 001_tile_forest_1.png
[  40% ] reimport | 047_deco_glacier_icespire.png
[  40% ] reimport | 046_deco_desert_drywell.png
[  40% ] reimport | 045_deco_desert_sandstone.png
[  40% ] reimport | 044_deco_desert_cactus.png
[  40% ] reimport | 043_deco_tomb_brazier.png
[  40% ] reimport | 042_deco_tomb_coffin.png
[  40% ] reimport | 041_deco_tomb_gravestone.png
[  40% ] reimport | 040_deco_volcano_geyser.png
[  40% ] reimport | 039_deco_volcano_bones.png
[  40% ] reimport | 038_deco_volcano_lavarock.png
[  40% ] reimport | 037_deco_snow_snowdrift.png
[  40% ] reimport | 036_deco_snow_icecrystal.png
[  40% ] reimport | 035_deco_snow_pine.png
[  40% ] reimport | 034_deco_forest_bones.png
[  41% ] reimport | 033_deco_forest_ruin.png
[  41% ] reimport | 032_deco_forest_grass.png
[  41% ] reimport | 031_deco_forest_shrub.png
[  41% ] reimport | 030_deco_forest_rocks.png
[  41% ] reimport | 029_deco_forest_deadtree.png
[  41% ] reimport | 028_deco_forest_tree.png
[  41% ] reimport | 027_tile_volcano_lava_sheet_00_15.png
[  41% ] reimport | 026_tile_snow_path_sheet_00_15.png
[  41% ] reimport | 005_tile_snow_2.png
[  41% ] reimport | 004_tile_snow_1.png
[  41% ] reimport | 003_tile_forest_3.png
[  41% ] reimport | 002_tile_forest_2.png
[  41% ] reimport | 001_tile_forest_1.png
[  41% ] reimport | shenyuan_port_ground_reference_v2.png
[  42% ] reimport | rail_texture_visual_v2.png
[  42% ] reimport | npc_frost_miner_idle_reference_v2.png
[  42% ] reimport | npc_frost_guard_idle_reference_v2.png
[  42% ] reimport | npc_frost_envoy_idle_reference_v2.png
[  42% ] reimport | mon_zombie_reference_v2.png
[  42% ] reimport | mon_wolf_reference_v2.png
[  42% ] reimport | mon_tide_priest.png
[  42% ] reimport | mon_tidal_guard.png
[  42% ] reimport | mon_stele_warden.png
[  42% ] reimport | mon_shadow_wolf.png
[  42% ] reimport | mon_salt_scale.png
[  42% ] reimport | mon_salt_crab.png
[  42% ] reimport | mon_lost_beast.png
[  42% ] reimport | lorin_wilds_reference_v6.png
[  42% ] reimport | lorin_wilds_reference_v5.png
[  43% ] reimport | lorin_wilds_reference_v4.png
[  43% ] reimport | lorin_wilds_reference_v3.png
[  43% ] reimport | 003_tile_forest_3.png
[  43% ] reimport | 002_tile_forest_2.png
[  43% ] reimport | 001_tile_forest_1.png
[  43% ] reimport | tomb_3x3_preview.png
[  43% ] reimport | 024_tile_castle_3.png
[  43% ] reimport | 023_tile_castle_2.png
[  43% ] reimport | 022_tile_castle_1.png
[  43% ] reimport | 021_tile_abyss_3.png
[  43% ] reimport | 020_tile_abyss_2.png
[  43% ] reimport | 019_tile_abyss_1.png
[  43% ] reimport | 018_tile_glacier_3.png
[  43% ] reimport | 017_tile_glacier_2.png
[  43% ] reimport | 016_tile_glacier_1.png
[  44% ] reimport | 015_tile_desert_3.png
[  44% ] reimport | 014_tile_desert_2.png
[  44% ] reimport | 013_tile_desert_1.png
[  44% ] reimport | 012_tile_tomb_3.png
[  44% ] reimport | 011_tile_tomb_2.png
[  44% ] reimport | 010_tile_tomb_1.png
[  44% ] reimport | 009_tile_volcano_3.png
[  44% ] reimport | 008_tile_volcano_2.png
[  44% ] reimport | 007_tile_volcano_1.png
[  44% ] reimport | 006_tile_snow_3.png
[  44% ] reimport | chuanyang_walk_up_strip_v5.png
[  44% ] reimport | chuanyang_walk_side_v9.png
[  44% ] reimport | chuanyang_walk_side_v8.png
[  44% ] reimport | chuanyang_walk_side_v7.png
[  45% ] reimport | chuanyang_walk_right_strip_v5_alpha.png
[  45% ] reimport | chuanyang_walk_right_strip_v5.png
[  45% ] reimport | chuanyang_walk_left_strip_v5_alpha.png
[  45% ] reimport | chuanyang_walk_left_strip_v5.png
[  45% ] reimport | chuanyang_walk_down_strip_v5_alpha.png
[  45% ] reimport | chuanyang_walk_down_strip_v5.png
[  45% ] reimport | chuanyang_walk_before_v8.png
[  45% ] reimport | chuanyang_walk_before_v7.png
[  45% ] reimport | chuanyang_walk_before_v6.png
[  45% ] reimport | chuanyang_walk_4dir_raw_v1_alpha.png
[  45% ] reimport | chuanyang_walk_4dir_raw_v1.png
[  45% ] reimport | chuanyang_walk_4dir_edit_v2.png
[  45% ] reimport | chuanyang_walk4_keyframes_v4_alpha.png
[  45% ] reimport | chuanyang_walk4_keyframes_v4.png
[  45% ] reimport | chuanyang_animation_grid_source.png
[  46% ] reimport | first_horse_zs.png
[  46% ] reimport | first_horse_fz.png
[  46% ] reimport | first_horse_fs.png
[  46% ] reimport | first_horse_ck.png
[  46% ] reimport | shuangyu_walk_left_strip_v5_alpha.png
[  46% ] reimport | shuangyu_walk_left_strip_v5.png
[  46% ] reimport | shuangyu_walk_down_strip_v5_alpha.png
[  46% ] reimport | shuangyu_walk_down_strip_v5.png
[  46% ] reimport | shuangyu_walk_before_v8.png
[  46% ] reimport | shuangyu_walk_before_v7.png
[  46% ] reimport | shuangyu_walk_before_v6.png
[  46% ] reimport | shuangyu_walk_4dir_raw_v1_alpha.png
[  46% ] reimport | shuangyu_walk_4dir_raw_v1.png
[  46% ] reimport | shuangyu_walk_4dir_edit_v2_alpha.png
[  46% ] reimport | shuangyu_walk_4dir_edit_v2.png
[  47% ] reimport | shuangyu_walk4_keyframes_v4_alpha.png
[  47% ] reimport | shuangyu_walk4_keyframes_v4.png
[  47% ] reimport | shuangyu_animation_grid_source.png
[  47% ] reimport | chuanyang_walk_4dir.png
[  47% ] reimport | chuanyang_spritesheet.png
[  47% ] reimport | chuanyang_sheet.png
[  47% ] reimport | chuanyang_idle.png
[  47% ] reimport | chuanyang_icon.png
[  47% ] reimport | chuanyang_walk_v13.png
[  47% ] reimport | chuanyang_walk_v10.png
[  47% ] reimport | chuanyang_walk_v6.png
[  47% ] reimport | chuanyang_walk_up_strip_v5_alpha.png
[  47% ] reimport | 024_tile_castle_3.png
[  47% ] reimport | 023_tile_castle_2.png
[  47% ] reimport | 022_tile_castle_1.png
[  48% ] reimport | 021_tile_abyss_3.png
[  48% ] reimport | 020_tile_abyss_2.png
[  48% ] reimport | 019_tile_abyss_1.png
[  48% ] reimport | 018_tile_glacier_3.png
[  48% ] reimport | 017_tile_glacier_2.png
[  48% ] reimport | 016_tile_glacier_1.png
[  48% ] reimport | 015_tile_desert_3.png
[  48% ] reimport | 014_tile_desert_2.png
[  48% ] reimport | 013_tile_desert_1.png
[  48% ] reimport | 012_tile_tomb_3.png
[  48% ] reimport | 011_tile_tomb_2.png
[  48% ] reimport | 010_tile_tomb_1.png
[  48% ] reimport | 009_tile_volcano_3.png
[  48% ] reimport | 008_tile_volcano_2.png
[  49% ] reimport | 007_tile_volcano_1.png
[  49% ] reimport | 006_tile_snow_3.png
[  49% ] reimport | 005_tile_snow_2.png
[  49% ] reimport | 004_tile_snow_1.png
[  49% ] reimport | 003_tile_forest_3.png
[  49% ] reimport | 002_tile_forest_2.png
[  49% ] reimport | 047_deco_glacier_icespire.png
[  49% ] reimport | 046_deco_desert_drywell.png
[  49% ] reimport | 045_deco_desert_sandstone.png
[  49% ] reimport | 044_deco_desert_cactus.png
[  49% ] reimport | 043_deco_tomb_brazier.png
[  49% ] reimport | 042_deco_tomb_coffin.png
[  49% ] reimport | 041_deco_tomb_gravestone.png
[  49% ] reimport | 040_deco_volcano_geyser.png
[  49% ] reimport | 039_deco_volcano_bones.png
[  50% ] reimport | 038_deco_volcano_lavarock.png
[  50% ] reimport | 037_deco_snow_snowdrift.png
[  50% ] reimport | 036_deco_snow_icecrystal.png
[  50% ] reimport | 035_deco_snow_pine.png
[  50% ] reimport | 034_deco_forest_bones.png
[  50% ] reimport | 033_deco_forest_ruin.png
[  50% ] reimport | 032_deco_forest_grass.png
[  50% ] reimport | 031_deco_forest_shrub.png
[  50% ] reimport | 030_deco_forest_rocks.png
[  50% ] reimport | 029_deco_forest_deadtree.png
[  50% ] reimport | 028_deco_forest_tree.png
[  50% ] reimport | 027_tile_volcano_lava_sheet_00_15.png
[  50% ] reimport | 026_tile_snow_path_sheet_00_15.png
[  50% ] reimport | 025_tile_forest_path_sheet_00_15.png
[  50% ] reimport | shuangyu_front.png
[  51% ] reimport | pojun_front.png
[  51% ] reimport | chuanyang_front.png
[  51% ] reimport | chenxing_front.png
[  51% ] reimport | 像素艺术_2D_武侠奇幻网游风格_高饱和色彩_深色描边_颗粒_2026-09-21T19-15-02.png
[  51% ] reimport | 像素艺术_2D_武侠奇幻网游风格_高饱和色彩_深色描边_颗粒_2026-09-21T19-14-59.png
[  51% ] reimport | 像素艺术_2D_武侠奇幻网游风格_高饱和色彩_深色描边_颗粒_2026-09-21T19-14-56.png
[  51% ] reimport | 像素艺术_2D_武侠奇幻网游风格_高饱和色彩_深色描边_颗粒_2026-09-21T19-14-53.png
[  51% ] reimport | 像素艺术_2D_武侠奇幻网游风格_高饱和色彩_深色描边_颗粒_2026-09-21T19-14-25.png
[  51% ] reimport | 像素艺术_2D_武侠奇幻网游风格_高饱和色彩_深色描边_颗粒_2026-09-21T19-14-20.png
[  51% ] reimport | 像素艺术_2D_武侠奇幻网游风格_高饱和色彩_深色描边_颗粒_2026-09-21T19-14-18.png
[  51% ] reimport | 像素艺术_2D_武侠奇幻网游风格_高饱和色彩_深色描边_颗粒_2026-09-21T19-14-14.png
[  51% ] reimport | 像素艺术_2D_武侠奇幻网游风格_高饱和色彩_深色描边_颗粒_2026-09-21T19-10-41.png
[  51% ] reimport | 像素艺术_2D_武侠奇幻网游风格_高饱和色彩_深色描边_颗粒_2026-09-21T19-10-33.png
[  51% ] reimport | 像素艺术_2D_武侠奇幻网游风格_高饱和色彩_深色描边_颗粒_2026-09-21T19-10-31.png
[  52% ] reimport | 像素艺术_2D_武侠奇幻网游风格_高饱和色彩_深色描边_颗粒_2026-09-21T19-10-26.png
[  52% ] reimport | 像素艺术_2D_武侠奇幻网游风格_高饱和色彩_深色描边_颗粒_2026-09-21T19-26-39.png
[  52% ] reimport | 像素艺术_2D_武侠奇幻网游风格_高饱和色彩_深色描边_颗粒_2026-09-21T19-25-52.png
[  52% ] reimport | 像素艺术_2D_武侠奇幻网游风格_高饱和色彩_深色描边_颗粒_2026-09-21T19-25-51.png
[  52% ] reimport | 像素艺术_2D_武侠奇幻网游风格_高饱和色彩_深色描边_颗粒_2026-09-21T19-25-50.png
[  52% ] reimport | 像素艺术_2D_武侠奇幻网游风格_高饱和色彩_深色描边_颗粒_2026-09-21T19-25-23.png
[  52% ] reimport | 像素艺术_2D_武侠奇幻网游风格_高饱和色彩_深色描边_颗粒_2026-09-21T19-25-21.png
[  52% ] reimport | 055_deco_castle_banner.png
[  52% ] reimport | 054_deco_castle_barricade.png
[  52% ] reimport | 053_deco_castle_pillar.png
[  52% ] reimport | 052_deco_abyss_altar.png
[  52% ] reimport | 051_deco_abyss_eye.png
[  52% ] reimport | 050_deco_abyss_obelisk.png
[  52% ] reimport | 049_deco_glacier_crevasse.png
[  52% ] reimport | 048_deco_glacier_frozenknight.png
[  53% ] reimport | review_bases.png
[  53% ] reimport | overview_025_047.png
[  53% ] reimport | overview_001_024.png
[  53% ] reimport | mon_triad_echo.svg
[  53% ] reimport | mon_nameless_warden_v1.png
[  53% ] reimport | mon_abyss_avatar_v1.png
[  53% ] reimport | trade_stall_generated.png
[  53% ] reimport | npc_stablemaster_idle_generated.png
[  53% ] reimport | npc_mentor_portrait_generated.png
[  53% ] reimport | npc_mentor_idle_generated.png
[  53% ] reimport | itm_trade_grain_generated.png
[  53% ] reimport | home.png
[  53% ] reimport | enter.png
[  53% ] reimport | courtyard_visual_v2.png
[  53% ] reimport | 像素艺术_2D_武侠奇幻网游风格_2010年代国产_J2ME_2026-09-21T18-45-00.png
[  54% ] reimport | 像素艺术_2D_武侠奇幻网游风格_2010年代国产_J2ME_2026-09-21T18-44-59.png
[  54% ] reimport | 像素艺术_2D_武侠奇幻网游风格_2010年代国产_J2ME_2026-09-21T18-44-57.png
[  54% ] reimport | 像素艺术_2D_武侠奇幻网游风格_2010年代国产_J2ME_2026-09-21T18-44-55.png
[  54% ] reimport | 像素艺术_2D_武侠奇幻网游风格_2010年代国产_J2ME_2026-09-21T18-44-04.png
[  54% ] reimport | 像素艺术_2D_武侠奇幻网游风格_2010年代国产_J2ME_2026-09-21T18-44-02.png
[  54% ] reimport | 像素艺术_2D_武侠奇幻网游风格_2010年代国产_J2ME_2026-09-21T18-43-57.png
[  54% ] reimport | 像素艺术_2D_武侠奇幻网游风格_2010年代国产_J2ME_2026-09-21T18-43-55.png
[  54% ] reimport | h3_map_deco_atlas_v2_256x256.png
[  54% ] reimport | h2_grass_tileset_v2_256x256.png
[  54% ] reimport | g_mountain_pass_v2_768x1024.png
[  54% ] reimport | g_main_city_v2_768x1024.png
[  54% ] reimport | g_lorin_wilds_v2_768x1024.png
[  54% ] reimport | g_black_wind_camp_v2_768x1024.png
[  54% ] reimport | h3_map_deco_atlas_source.png
[  54% ] reimport | h2_grass_tileset_source.png
[  55% ] reimport | g_mountain_pass_source.png
[  55% ] reimport | g_main_city_source.png
[  55% ] reimport | g_lorin_wilds_source.png
[  55% ] reimport | g_black_wind_camp_source.png
[  55% ] reimport | d_pet_turtle_chancellor_96x96.png
[  55% ] reimport | d_pet_thunder_sparrow_96x96.png
[  55% ] reimport | 像素艺术_2D_武侠奇幻网游风格_高饱和色彩_深色描边_颗粒_2026-09-21T19-25-17.png
[  55% ] reimport | 像素艺术_2D_武侠奇幻网游风格_高饱和色彩_深色描边_颗粒_2026-09-21T19-25-16.png
[  55% ] reimport | 像素艺术_2D_武侠奇幻网游风格_高饱和色彩_深色描边_颗粒_2026-09-21T18-57-31.png
[  55% ] reimport | 像素艺术_2D_武侠奇幻网游风格_高饱和色彩_深色描边_颗粒_2026-09-21T18-57-13.png
[  55% ] reimport | 像素艺术_2D_武侠奇幻网游风格_高饱和色彩_深色描边_颗粒_2026-09-21T18-56-53.png
[  55% ] reimport | 像素艺术_2D_武侠奇幻网游风格_高饱和色彩_深色描边_颗粒_2026-09-21T18-56-33.png
[  55% ] reimport | 像素艺术_2D_武侠奇幻网游风格_高饱和色彩_深色描边_颗粒_2026-09-21T18-56-13.png
[  55% ] reimport | 像素艺术_2D_武侠奇幻网游风格_高饱和色彩_深色描边_颗粒_2026-09-21T18-55-56.png
[  56% ] reimport | 像素艺术_2D_武侠奇幻网游风格_高饱和色彩_深色描边_干净_2026-09-21T18-55-29.png
[  56% ] reimport | _2026-09-21T18-55-21.png
[  56% ] reimport | 像素艺术_2D_武侠奇幻网游风格_2010年代国产_J2ME_2026-09-21T18-49-57.png
[  56% ] reimport | 像素艺术_2D_武侠奇幻网游风格_2010年代国产_J2ME_2026-09-21T18-49-21.png
[  56% ] reimport | 像素艺术_2D_武侠奇幻网游风格_2010年代国产_J2ME_2026-09-21T18-49-18.png
[  56% ] reimport | 像素艺术_2D_武侠奇幻网游风格_2010年代国产_J2ME_2026-09-21T18-49-16.png
[  56% ] reimport | 像素艺术_2D_武侠奇幻网游风格_2010年代国产_J2ME_2026-09-21T18-48-45.png
[  56% ] reimport | 像素艺术_2D_武侠奇幻网游风格_2010年代国产_J2ME_2026-09-21T18-48-43.png
[  56% ] reimport | 像素艺术_2D_武侠奇幻网游风格_2010年代国产_J2ME_2026-09-21T18-48-42.png
[  56% ] reimport | 像素艺术_2D_武侠奇幻网游风格_2010年代国产_J2ME_2026-09-21T18-48-41.png
[  56% ] reimport | 像素艺术_2D_武侠奇幻网游风格_2010年代国产_J2ME_2026-09-21T18-48-00.png
[  56% ] reimport | 像素艺术_2D_武侠奇幻网游风格_2010年代国产_J2ME_2026-09-21T18-47-57.png
[  56% ] reimport | 像素艺术_2D_武侠奇幻网游风格_2010年代国产_J2ME_2026-09-21T18-47-56.png
[  56% ] reimport | 像素艺术_2D_武侠奇幻网游风格_2010年代国产_J2ME_2026-09-21T18-47-54.png
[  56% ] reimport | fx_fz_jinghua.png
[  57% ] reimport | fx_fs_yanmie.png
[  57% ] reimport | fx_fs_tianyun.png
[  57% ] reimport | fx_fs_shuangren.png
[  57% ] reimport | fx_fs_shuanghuan.png
[  57% ] reimport | fx_fs_midun.png
[  57% ] reimport | fx_crit.png
[  57% ] reimport | fx_ck_qingxie.png
[  57% ] reimport | fx_ck_lianzhu.png
[  57% ] reimport | fx_ck_guanjia.png
[  57% ] reimport | fx_ck_duopo.png
[  57% ] reimport | fx_ck_dunying.png
[  57% ] reimport | fx_arrow.png
[  57% ] reimport | contact_sheet_sfx.png
[  57% ] reimport | contact_sheet_map.png
[  57% ] reimport | contact_sheet_icons.png
[  58% ] reimport | contact_sheet_fx.png
[  58% ] reimport | contact_sheet_frame_checks.png
[  58% ] reimport | overview_076_100.png
[  58% ] reimport | overview_051_075.png
[  58% ] reimport | overview_026_050.png
[  58% ] reimport | overview_001_025.png
[  58% ] reimport | mon_blackknight.png
[  58% ] reimport | mon_ashimp.png
[  58% ] reimport | sfx_taunt.png
[  58% ] reimport | sfx_slow.png
[  58% ] reimport | sfx_shield.png
[  58% ] reimport | sfx_poison.png
[  58% ] reimport | sfx_invuln.png
[  58% ] reimport | sfx_fear.png
[  59% ] reimport | sfx_ding.png
[  59% ] reimport | sfx_bleed.png
[  59% ] reimport | fx_zs_zhanhou.png
[  59% ] reimport | fx_zs_pozhen.png
[  59% ] reimport | fx_zs_lieshan.png
[  59% ] reimport | fx_zs_huifeng.png
[  59% ] reimport | fx_zs_duanzui.png
[  59% ] reimport | fx_slash.png
[  59% ] reimport | fx_levelup.png
[  59% ] reimport | fx_heal.png
[  59% ] reimport | fx_fz_zhudao.png
[  59% ] reimport | fx_fz_shengyu.png
[  59% ] reimport | fx_fz_puzhao.png
[  59% ] reimport | fx_fz_poxiao.png
[  59% ] reimport | 077_bg_battle_castle.png
[  60% ] reimport | 076_bg_battle_abyss.png
[  60% ] reimport | 075_bg_battle_glacier.png
[  60% ] reimport | 074_bg_battle_desert.png
[  60% ] reimport | 073_bg_battle_tomb.png
[  60% ] reimport | 072_bg_battle_volcano.png
[  60% ] reimport | 071_bg_battle_snowfield.png
[  60% ] reimport | 070_bg_battle_forest.png
[  60% ] reimport | 069_bg_endless.png
[  60% ] reimport | 068_bg_abyss.png
[  60% ] reimport | 067_bg_route.png
[  60% ] reimport | 066_bg_main.png
[  60% ] reimport | 065_deco_boundary_cliff.png
[  60% ] reimport | 064_deco_bg_mist.png
[  60% ] reimport | 063_deco_bg_clouds.png
[  60% ] reimport | 062_deco_bg_mountain.png
[  61% ] reimport | 061_deco_totem.png
[  61% ] reimport | 060_deco_portal.png
[  61% ] reimport | 059_deco_chest_open.png
[  61% ] reimport | 058_deco_chest_closed.png
[  61% ] reimport | 057_deco_signpost.png
[  61% ] reimport | 056_deco_campfire.png
[  61% ] reimport | 100_pet_eyescat.png
[  61% ] reimport | 099_pet_foxfire_evo.png
[  61% ] reimport | 098_pet_foxfire.png
[  61% ] reimport | 097_pet_frostwolf_evo.png
[  61% ] reimport | 096_pet_frostwolf.png
[  61% ] reimport | 095_pet_thunderhawk_evo.png
[  61% ] reimport | 094_pet_thunderhawk.png
[  61% ] reimport | 093_pet_rockturtle_evo.png
[  61% ] reimport | 092_pet_rockturtle.png
[  62% ] reimport | 091_fz_armor_t1_t2_t3.png
[  62% ] reimport | 090_fz_hammer_t1_t2_t3.png
[  62% ] reimport | 089_fs_armor_t1_t2_t3.png
[  62% ] reimport | 088_fs_staff_t1_t2_t3.png
[  62% ] reimport | 087_ck_armor_t1_t2_t3.png
[  62% ] reimport | 086_ck_spear_t1_t2_t3.png
[  62% ] reimport | 085_zs_armor_t1_t2_t3.png
[  62% ] reimport | 084_zs_sword_t3.png
[  62% ] reimport | 083_zs_sword_t2.png
[  62% ] reimport | 082_zs_sword_t1.png
[  62% ] reimport | 081_role_fz.png
[  62% ] reimport | 080_role_fs.png
[  62% ] reimport | 079_role_ck.png
[  62% ] reimport | 078_role_zs.png
[  63% ] reimport | a4_ls_nan_avatar_96x96.png
[  63% ] reimport | a4_fs_nv_avatar_96x96.png
[  63% ] reimport | a4_fs_nan_avatar_96x96.png
[  63% ] reimport | a1_zs_nv_anchor_512x768.png
[  63% ] reimport | a1_ls_nv_anchor_512x768.png
[  63% ] reimport | a1_ls_nan_anchor_512x768.png
[  63% ] reimport | a1_fs_nv_anchor_512x768.png
[  63% ] reimport | a1_fs_nan_anchor_512x768.png
[  63% ] reimport | a1_zs_nv_anchor_source.png
[  63% ] reimport | a1_ls_nv_anchor_source.png
[  63% ] reimport | a1_ls_nan_anchor_source.png
[  63% ] reimport | a1_fs_nv_anchor_source.png
[  63% ] reimport | a1_fs_nan_anchor_source.png
[  63% ] reimport | h1_grass_map_anchor_v2_1024x640.png
[  63% ] reimport | g_title_background_v2_768x1024.png
[  64% ] reimport | f1_button_normal_v2_480x96.png
[  64% ] reimport | b_bandit_v2_128x128.png
[  64% ] reimport | a1_zs_nan_anchor_v2_transparent_512x768.png
[  64% ] reimport | a1_zs_nan_anchor_v2_512x768.png
[  64% ] reimport | h1_grass_map_anchor_v2_source.png
[  64% ] reimport | g_title_background_v2_source.png
[  64% ] reimport | f1_button_normal_v2_source.png
[  64% ] reimport | f4_hp_frame_source.png
[  64% ] reimport | a3_zs_walk_grid_640x800.png
[  64% ] reimport | a3_ls_walk_grid_640x800.png
[  64% ] reimport | a3_fs_walk_grid_640x800.png
[  64% ] reimport | a3_zs_walk_grid_source.png
[  64% ] reimport | a3_ls_walk_grid_source.png
[  64% ] reimport | a3_fs_walk_grid_source.png
[  64% ] reimport | a2_zs_nv_combat_112x124.png
[  65% ] reimport | a2_zs_nan_combat_112x124.png
[  65% ] reimport | a2_ls_nv_combat_112x124.png
[  65% ] reimport | a2_ls_nan_combat_112x124.png
[  65% ] reimport | a2_fs_nv_combat_112x124.png
[  65% ] reimport | a2_fs_nan_combat_112x124.png
[  65% ] reimport | a2_zs_nv_combat_source.png
[  65% ] reimport | a2_zs_nan_combat_source.png
[  65% ] reimport | a2_ls_nv_combat_source.png
[  65% ] reimport | a2_ls_nan_combat_source.png
[  65% ] reimport | a2_fs_nv_combat_source.png
[  65% ] reimport | a2_fs_nan_combat_source.png
[  65% ] reimport | a4_zs_nv_avatar_96x96.png
[  65% ] reimport | a4_zs_nan_avatar_96x96.png
[  65% ] reimport | a4_ls_nv_avatar_96x96.png
[  66% ] reimport | mount.svg
[  66% ] reimport | help.svg
[  66% ] reimport | hammer.svg
[  66% ] reimport | growth.svg
[  66% ] reimport | gem.svg
[  66% ] reimport | forward.svg
[  66% ] reimport | food.svg
[  66% ] reimport | exchange.svg
[  66% ] reimport | door.svg
[  66% ] reimport | crown.svg
[  66% ] reimport | coin.svg
[  66% ] reimport | book.svg
[  66% ] reimport | bag.svg
[  66% ] reimport | back.svg
[  66% ] reimport | shenyuan_port_ground_native_v1.png
[  67% ] reimport | frost_post_ground_native_v1.png
[  67% ] reimport | mon_snowveil_lord.png
[  67% ] reimport | mon_redsand_guard.png
[  67% ] reimport | pojun_spritesheet.png
[  67% ] reimport | pojun_icon.png
[  67% ] reimport | pojun_animation_grid_source.png
[  67% ] reimport | pojun_anchor_source.png
[  67% ] reimport | b_bandit_v2_source.png
[  67% ] reimport | a1_zs_nan_anchor_v2_source.png
[  67% ] reimport | h1_grass_map_anchor_1024x640.png
[  67% ] reimport | g_title_background_768x1024.png
[  67% ] reimport | f1_button_normal_480x96.png
[  67% ] reimport | b_bandit_128x128.png
[  67% ] reimport | a1_zs_nan_anchor_512x768.png
[  67% ] reimport | h1_grass_map_anchor_source.png
[  68% ] reimport | g_title_background_source.png
[  68% ] reimport | f1_button_normal_source.png
[  68% ] reimport | b_bandit_source.png
[  68% ] reimport | a1_zs_nan_anchor_source.png
[  68% ] reimport | world.svg
[  68% ] reimport | swords.svg
[  68% ] reimport | summon.svg
[  68% ] reimport | spark.svg
[  68% ] reimport | sound.svg
[  68% ] reimport | shield.svg
[  68% ] reimport | settings.svg
[  68% ] reimport | save.svg
[  68% ] reimport | person.svg
[  68% ] reimport | paw.svg
[  69% ] reimport | b_monster_skeleton_swordsman_128x128.png
[  69% ] reimport | b_monster_rock_eagle_128x128.png
[  69% ] reimport | b_monster_puppet_guard_128x128.png
[  69% ] reimport | b_monster_poison_python_128x128.png
[  69% ] reimport | b_monster_mud_monster_128x128.png
[  69% ] reimport | b_monster_fire_salamander_128x128.png
[  69% ] reimport | b_monster_evil_wolf_128x128.png
[  69% ] reimport | b_monster_blood_bat_128x128.png
[  69% ] reimport | b_monster_black_wind_chief_128x128.png
[  69% ] reimport | e_effect_white_lightning_256x256.png
[  69% ] reimport | e_effect_red_claw_marks_256x256.png
[  69% ] reimport | e_effect_purple_void_256x256.png
[  69% ] reimport | e_effect_green_vine_ring_256x256.png
[  69% ] reimport | e_effect_gold_sword_rain_256x256.png
[  69% ] reimport | e_effect_gold_holy_slash_256x256.png
[  70% ] reimport | e_effect_blue_ice_burst_256x256.png
[  70% ] reimport | e_effect_area_spell_circle_256x256.png
[  70% ] reimport | b_monster_skeleton_swordsman_source.png
[  70% ] reimport | b_monster_rock_eagle_source.png
[  70% ] reimport | b_monster_puppet_guard_source.png
[  70% ] reimport | b_monster_poison_python_source.png
[  70% ] reimport | b_monster_mud_monster_source.png
[  70% ] reimport | d_pet_snow_mink_96x96.png
[  70% ] reimport | d_pet_fire_fox_96x96.png
[  70% ] reimport | c_mount_zq_sj_160x160.png
[  70% ] reimport | c_mount_zq_mj_160x160.png
[  70% ] reimport | c_mount_zq_lxn_160x160.png
[  70% ] reimport | c_mount_zq_jxl_160x160.png
[  70% ] reimport | c_mount_zq_dyq_160x160.png
[  70% ] reimport | c_mount_zq_bl_160x160.png
[  71% ] reimport | c_mount_frost_wolf_160x160.png
[  71% ] reimport | c_mount_flame_steed_160x160.png
[  71% ] reimport | d_pet_turtle_chancellor_source.png
[  71% ] reimport | d_pet_thunder_sparrow_source.png
[  71% ] reimport | d_pet_snow_mink_source.png
[  71% ] reimport | d_pet_fire_fox_source.png
[  71% ] reimport | c_mount_zq_sj_source.png
[  71% ] reimport | c_mount_zq_mj_source.png
[  71% ] reimport | c_mount_zq_lxn_source.png
[  71% ] reimport | c_mount_zq_jxl_source.png
[  71% ] reimport | c_mount_zq_dyq_source.png
[  71% ] reimport | c_mount_zq_bl_source.png
[  71% ] reimport | c_mount_frost_wolf_source.png
[  71% ] reimport | c_mount_flame_steed_source.png
[  71% ] reimport | f1_button_pressed_480x96.png
[  72% ] reimport | f1_button_hover_480x96.png
[  72% ] reimport | f1_button_disabled_480x96.png
[  72% ] reimport | f5_digits_512x64.png
[  72% ] reimport | f4_mp_frame_480x36.png
[  72% ] reimport | f4_hp_frame_480x36.png
[  72% ] reimport | f3_panel_wood_source.png
[  72% ] reimport | f3_panel_parchment_source.png
[  72% ] reimport | f2_plaque_source.png
[  72% ] reimport | f6_icon_social_source.png
[  72% ] reimport | f6_icon_shop_source.png
[  72% ] reimport | f6_icon_settings_source.png
[  72% ] reimport | f6_icon_quest_source.png
[  72% ] reimport | f6_icon_pet_source.png
[  72% ] reimport | f6_icon_mount_source.png
[  73% ] reimport | f6_icon_mail_source.png
[  73% ] reimport | f6_icon_backpack_source.png
[  73% ] reimport | f1_button_pressed_source.png
[  73% ] reimport | f1_button_hover_source.png
[  73% ] reimport | f1_button_disabled_source.png
[  73% ] reimport | f5_digits_source.png
[  73% ] reimport | f4_mp_frame_source.png
[  73% ] reimport | b_monster_fire_salamander_source.png
[  73% ] reimport | b_monster_evil_wolf_source.png
[  73% ] reimport | b_monster_blood_bat_source.png
[  73% ] reimport | b_monster_black_wind_chief_source.png
[  73% ] reimport | e_effect_white_lightning_source.png
[  73% ] reimport | e_effect_red_claw_marks_source.png
[  73% ] reimport | e_effect_purple_void_source.png
[  73% ] reimport | e_effect_green_vine_ring_source.png
[  74% ] reimport | e_effect_gold_sword_rain_source.png
[  74% ] reimport | e_effect_gold_holy_slash_source.png
[  74% ] reimport | e_effect_blue_ice_burst_source.png
[  74% ] reimport | e_effect_area_spell_circle_source.png
[  74% ] reimport | f3_panel_wood_512x512.png
[  74% ] reimport | f3_panel_parchment_512x512.png
[  74% ] reimport | f2_plaque_480x128.png
[  74% ] reimport | f6_icon_social_96x96.png
[  74% ] reimport | f6_icon_shop_96x96.png
[  74% ] reimport | f6_icon_settings_96x96.png
[  74% ] reimport | f6_icon_quest_96x96.png
[  74% ] reimport | f6_icon_pet_96x96.png
[  74% ] reimport | f6_icon_mount_96x96.png
[  74% ] reimport | f6_icon_mail_96x96.png
[  74% ] reimport | f6_icon_backpack_96x96.png
[  75% ] reimport | node_normal.png
[  75% ] reimport | node_event.png
[  75% ] reimport | node_elite.png
[  75% ] reimport | node_chest.png
[  75% ] reimport | node_campfire.png
[  75% ] reimport | node_boss.png
[  75% ] reimport | itm_wind_chime.png
[  75% ] reimport | itm_trade_grain.png
[  75% ] reimport | itm_torch.png
[  75% ] reimport | itm_tide_egg.png
[  75% ] reimport | itm_tide_core.png
[  75% ] reimport | itm_ticket_ten.png
[  75% ] reimport | itm_ticket_sweep.png
[  75% ] reimport | itm_stele_fragment.png
[  76% ] reimport | itm_salt_pack.png
[  76% ] reimport | itm_salt_ledger.png
[  76% ] reimport | itm_revive_feather.png
[  76% ] reimport | itm_refine_stone.png
[  76% ] reimport | itm_potion_hp_s.png
[  76% ] reimport | itm_potion_hp_m.png
[  76% ] reimport | itm_potion_hp_l.png
[  76% ] reimport | itm_pet_food.png
[  76% ] reimport | sk_fz_poxiao.png
[  76% ] reimport | sk_fz_jinghua.png
[  76% ] reimport | sk_fs_yanmie.png
[  76% ] reimport | sk_fs_tianyun.png
[  76% ] reimport | sk_fs_shuangren.png
[  76% ] reimport | sk_fs_shuanghuan.png
[  76% ] reimport | sk_fs_midun.png
[  77% ] reimport | sk_ck_qingxie.png
[  77% ] reimport | sk_ck_dunying.png
[  77% ] reimport | school_thorns.png
[  77% ] reimport | school_summon.png
[  77% ] reimport | school_energy.png
[  77% ] reimport | school_crit.png
[  77% ] reimport | school_control.png
[  77% ] reimport | school_bleed.png
[  77% ] reimport | rank_silver.png
[  77% ] reimport | rank_platinum.png
[  77% ] reimport | rank_gold.png
[  77% ] reimport | rank_diamond.png
[  77% ] reimport | rank_bronze.png
[  77% ] reimport | node_start.png
[  77% ] reimport | node_shop.png
[  78% ] reimport | gem_hp_3.png
[  78% ] reimport | gem_hp_2.png
[  78% ] reimport | gem_hp_1.png
[  78% ] reimport | gem_def_5.png
[  78% ] reimport | gem_def_4.png
[  78% ] reimport | gem_def_3.png
[  78% ] reimport | gem_def_2.png
[  78% ] reimport | gem_def_1.png
[  78% ] reimport | gem_atk_5.png
[  78% ] reimport | gem_atk_4.png
[  78% ] reimport | gem_atk_3.png
[  78% ] reimport | gem_atk_2.png
[  78% ] reimport | gem_atk_1.png
[  78% ] reimport | cur_soul.png
[  78% ] reimport | cur_honor.png
[  79% ] reimport | cur_gold.png
[  79% ] reimport | cur_expedition.png
[  79% ] reimport | fx_mount_summon.png
[  79% ] reimport | fx_gacha_flip.png
[  79% ] reimport | fx_gacha_burst.png
[  79% ] reimport | gacha_card_white.png
[  79% ] reimport | gacha_card_purple.png
[  79% ] reimport | itm_pet_book.png
[  79% ] reimport | itm_mithril.png
[  79% ] reimport | itm_map_scrap.png
[  79% ] reimport | itm_magic_crystal.png
[  79% ] reimport | itm_lock_rune.png
[  79% ] reimport | itm_iron_ore.png
[  79% ] reimport | itm_herb.png
[  80% ] reimport | itm_gold_shard.png
[  80% ] reimport | itm_gate_clue.png
[  80% ] reimport | itm_fish_common.png
[  80% ] reimport | itm_evolve_crystal.png
[  80% ] reimport | itm_enhance_stone.png
[  80% ] reimport | itm_energy_dew.png
[  80% ] reimport | itm_dragon_scale.png
[  80% ] reimport | itm_break_crystal.png
[  80% ] reimport | itm_aptitude_fruit.png
[  80% ] reimport | itm_antidote.png
[  80% ] reimport | icon_vault.png
[  80% ] reimport | icon_double_edge.png
[  80% ] reimport | icon_altar.png
[  80% ] reimport | gem_hp_5.png
[  80% ] reimport | gem_hp_4.png
[  81% ] reimport | ui_panel_talent.png
[  81% ] reimport | ui_panel_skillbook.png
[  81% ] reimport | ui_panel_season.png
[  81% ] reimport | ui_panel_refine.png
[  81% ] reimport | ui_panel_pvp_team.png
[  81% ] reimport | ui_panel_pvp_match.png
[  81% ] reimport | ui_panel_pvp_lobby.png
[  81% ] reimport | ui_panel_odds.png
[  81% ] reimport | ui_panel_mount.png
[  81% ] reimport | ui_panel_gold_btn.png
[  81% ] reimport | ui_panel_equip.png
[  81% ] reimport | ui_panel_card.png
[  81% ] reimport | ui_panel_battle.png
[  81% ] reimport | ui_notice.png
[  81% ] reimport | ui_exchange.png
[  82% ] reimport | ui_banner_gacha.png
[  82% ] reimport | ui_banner_event.png
[  82% ] reimport | mkt_store.png
[  82% ] reimport | mkt_splash.png
[  82% ] reimport | mkt_logo.png
[  82% ] reimport | mkt_loading.png
[  82% ] reimport | icon_app.png
[  82% ] reimport | round_brown_dark.png
[  82% ] reimport | round_brown.png
[  82% ] reimport | progress_red_small_border.png
[  82% ] reimport | progress_red_small.png
[  82% ] reimport | panel_brown_corners_a.png
[  82% ] reimport | panel_border_brown_detail.png
[  82% ] reimport | panel_border_brown.png
[  83% ] reimport | iconCross_brown.png
[  83% ] reimport | iconCheck_beige.png
[  83% ] reimport | cursorSword_gold.png
[  83% ] reimport | button_brown_close.png
[  83% ] reimport | button_brown.png
[  83% ] reimport | barRed_horizontalRight.png
[  83% ] reimport | barRed_horizontalMid.png
[  83% ] reimport | barRed_horizontalLeft.png
[  83% ] reimport | barBack_horizontalRight.png
[  83% ] reimport | barBack_horizontalMid.png
[  83% ] reimport | barBack_horizontalLeft.png
[  83% ] reimport | arrowBrown_right.png
[  83% ] reimport | arrowBrown_left.png
[  83% ] reimport | ui_signin.png
[  83% ] reimport | ui_panel_title.png
[  84% ] reimport | mount_woolyrhino_elite.png
[  84% ] reimport | mount_woolyrhino.png
[  84% ] reimport | mount_sandlizard_elite.png
[  84% ] reimport | mount_sandlizard.png
[  84% ] reimport | mount_nightmare_elite.png
[  84% ] reimport | mount_nightmare.png
[  84% ] reimport | mount_horse_elite.png
[  84% ] reimport | mount_horse.png
[  84% ] reimport | mount_griffin_elite.png
[  84% ] reimport | mount_griffin.png
[  84% ] reimport | mount_bear_elite.png
[  84% ] reimport | mount_bear.png
[  84% ] reimport | trade_stall.png
[  84% ] reimport | slot_sword.png
[  84% ] reimport | slot_staff.png
[  85% ] reimport | slot_spear.png
[  85% ] reimport | slot_hammer.png
[  85% ] reimport | slot_armor.png
[  85% ] reimport | slot_accessory.png
[  85% ] reimport | sk_fz_zhudao.png
[  85% ] reimport | sk_fz_shengyu.png
[  85% ] reimport | sk_fz_puzhao.png
[  85% ] reimport | pet_tide_gull.png
[  85% ] reimport | npc_warden_idle.png
[  85% ] reimport | npc_steward_portrait.png
[  85% ] reimport | npc_steward_idle.png
[  85% ] reimport | npc_stablemaster_idle.png
[  85% ] reimport | npc_smith_idle.png
[  85% ] reimport | npc_scribe_portrait.png
[  85% ] reimport | npc_scribe_idle.png
[  86% ] reimport | npc_port_worker_idle.png
[  86% ] reimport | npc_port_trader_idle.png
[  86% ] reimport | npc_port_keeper_idle.png
[  86% ] reimport | npc_merchant.png
[  86% ] reimport | npc_mentor_portrait.png
[  86% ] reimport | npc_mentor_idle.png
[  86% ] reimport | npc_keeper_idle.png
[  86% ] reimport | npc_harbormaster_idle.png
[  86% ] reimport | npc_guest_idle.png
[  86% ] reimport | npc_guard_portrait.png
[  86% ] reimport | npc_guard_idle.png
[  86% ] reimport | npc_courier.png
[  86% ] reimport | npc_child_portrait.png
[  86% ] reimport | npc_child_idle.png
[  87% ] reimport | npc_blacksmith.png
[  87% ] reimport | 101_pet_eyescat_evo.png
[  87% ] reimport | buff_thorns.png
[  87% ] reimport | buff_taunt.png
[  87% ] reimport | buff_sunder.png
[  87% ] reimport | buff_slow.png
[  87% ] reimport | buff_shield.png
[  87% ] reimport | buff_revive.png
[  87% ] reimport | buff_poison.png
[  87% ] reimport | buff_nolock.png
[  87% ] reimport | buff_leech.png
[  87% ] reimport | buff_invuln.png
[  87% ] reimport | buff_hide.png
[  87% ] reimport | buff_fear.png
[  87% ] reimport | buff_execute.png
[  88% ] reimport | buff_dispel.png
[  88% ] reimport | buff_ding.png
[  88% ] reimport | buff_confuse.png
[  88% ] reimport | buff_bleed.png
[  88% ] reimport | sk_zs_zhanhou.png
[  88% ] reimport | sk_zs_pozhen.png
[  88% ] reimport | sk_zs_lieshan.png
[  88% ] reimport | sk_zs_huifeng.png
[  88% ] reimport | 123_mon_cryptspider.png
[  88% ] reimport | 122_mon_ghost.png
[  88% ] reimport | 121_mon_boss_volcano.png
[  88% ] reimport | 120_mon_magmagolem.png
[  88% ] reimport | 119_mon_ashimp.png
[  88% ] reimport | 118_mon_lavahound.png
[  88% ] reimport | 117_mon_boss_snow.png
[  89% ] reimport | 116_mon_frostguard.png
[  89% ] reimport | 115_mon_yeti.png
[  89% ] reimport | 114_mon_icebat.png
[  89% ] reimport | 113_mon_boss_forest.png
[  89% ] reimport | 112_mon_goblin.png
[  89% ] reimport | 111_mon_skeleton.png
[  89% ] reimport | 110_mon_treant.png
[  89% ] reimport | 109_mon_spider.png
[  89% ] reimport | 108_mon_wolf.png
[  89% ] reimport | 107_pet_shadowviper_evo.png
[  89% ] reimport | 106_pet_shadowviper.png
[  89% ] reimport | 105_pet_emberling_evo.png
[  89% ] reimport | 104_pet_emberling.png
[  89% ] reimport | 103_pet_holydeer_evo.png
[  90% ] reimport | 102_pet_holydeer.png
[  90% ] reimport | mon_plague.png
[  90% ] reimport | mon_mummy.png
[  90% ] reimport | mon_magmagolem.png
[  90% ] reimport | mon_lavahound.png
[  90% ] reimport | mon_icespirit.png
[  90% ] reimport | mon_icebat.png
[  90% ] reimport | mon_goblin.png
[  90% ] reimport | mon_ghost.png
[  90% ] reimport | mon_frostwalrus.png
[  90% ] reimport | mon_frostmage.png
[  90% ] reimport | mon_frostguard.png
[  90% ] reimport | mon_cultist.png
[  90% ] reimport | mon_cryptspider.png
[  90% ] reimport | mon_boss_volcano.png
[  91% ] reimport | mon_boss_tomb.png
[  91% ] reimport | mon_boss_snow.png
[  91% ] reimport | mon_boss_glacier.png
[  91% ] reimport | mon_boss_forest.png
[  91% ] reimport | mon_boss_endless.png
[  91% ] reimport | mon_boss_desert.png
[  91% ] reimport | mon_boss_castle.png
[  91% ] reimport | mon_boss_abyss.png
[  91% ] reimport | sk_zs_duanzui.png
[  91% ] reimport | sk_ck_lianzhu.png
[  91% ] reimport | sk_ck_guanjia.png
[  91% ] reimport | sk_ck_duopo.png
[  91% ] reimport | pet_shadowviper_evo.png
[  91% ] reimport | pet_shadowviper.png
[  91% ] reimport | pet_holydeer_evo.png
[  92% ] reimport | pet_holydeer.png
[  92% ] reimport | pet_eyescat_evo.png
[  92% ] reimport | pet_emberling_evo.png
[  92% ] reimport | pet_emberling.png
[  92% ] reimport | mon_yeti.png
[  92% ] reimport | mon_wolf.png
[  92% ] reimport | mon_voidling.png
[  92% ] reimport | mon_treant.png
[  92% ] reimport | mon_traitor.png
[  92% ] reimport | mon_spider.png
[  92% ] reimport | mon_skeleton.png
[  92% ] reimport | mon_siege.png
[  92% ] reimport | mon_shade.png
[  92% ] reimport | mon_scorp.png
[  92% ] reimport | mon_sandwyrm.png
[  93% ] reimport | 190_sfx_fear.png
[  93% ] reimport | 189_sfx_ding.png
[  93% ] reimport | 188_sfx_invuln.png
[  93% ] reimport | 187_sfx_shield.png
[  93% ] reimport | 186_sfx_poison.png
[  93% ] reimport | 185_sfx_bleed.png
[  93% ] reimport | 184_buff_dispel.png
[  93% ] reimport | 183_buff_execute.png
[  93% ] reimport | 182_buff_revive.png
[  93% ] reimport | 181_buff_nolock.png
[  93% ] reimport | 180_buff_invuln.png
[  93% ] reimport | 179_buff_shield.png
[  93% ] reimport | 178_buff_leech.png
[  93% ] reimport | 177_buff_thorns.png
[  94% ] reimport | 176_buff_hide.png
[  94% ] reimport | 175_buff_fear.png
[  94% ] reimport | 174_buff_taunt.png
[  94% ] reimport | 173_buff_sunder.png
[  94% ] reimport | 172_buff_slow.png
[  94% ] reimport | 171_buff_confuse.png
[  94% ] reimport | 170_buff_ding.png
[  94% ] reimport | 169_buff_poison.png
[  94% ] reimport | gacha_card_gold.png
[  94% ] reimport | gacha_card_blue.png
[  94% ] reimport | frame_white.png
[  94% ] reimport | frame_purple.png
[  94% ] reimport | frame_gold.png
[  94% ] reimport | frame_blue.png
[  94% ] reimport | contact_sheet_ui.png
[  95% ] reimport | contact_sheet_npcs.png
[  95% ] reimport | contact_sheet_mounts.png
[  95% ] reimport | contact_sheet_icons.png
[  95% ] reimport | contact_sheet_fx.png
[  95% ] reimport | contact_sheet_cards.png
[  95% ] reimport | 200_sk_ck_duopo.png
[  95% ] reimport | 199_sk_ck_guanjia.png
[  95% ] reimport | 198_sk_ck_lianzhu.png
[  95% ] reimport | 197_sk_zs_duanzui.png
[  95% ] reimport | 196_sk_zs_zhanhou.png
[  95% ] reimport | 195_sk_zs_huifeng.png
[  95% ] reimport | 194_sk_zs_pozhen.png
[  95% ] reimport | 193_sk_zs_lieshan.png
[  95% ] reimport | 192_sfx_slow.png
[  95% ] reimport | 191_sfx_taunt.png
[  96% ] reimport | 145_fx_ck_lianzhu.png
[  96% ] reimport | 144_fx_zs_duanzui.png
[  96% ] reimport | 143_fx_zs_lieshan.png
[  96% ] reimport | 142_mon_boss_endless.png
[  96% ] reimport | 141_mon_boss_castle.png
[  96% ] reimport | 140_mon_blackknight.png
[  96% ] reimport | 139_mon_siege.png
[  96% ] reimport | 138_mon_traitor.png
[  96% ] reimport | 137_mon_boss_abyss.png
[  96% ] reimport | 136_mon_cultist.png
[  96% ] reimport | 135_mon_shade.png
[  96% ] reimport | 134_mon_voidling.png
[  96% ] reimport | 133_mon_boss_glacier.png
[  96% ] reimport | 132_mon_frostmage.png
[  97% ] reimport | 131_mon_frostwalrus.png
[  97% ] reimport | 130_mon_icespirit.png
[  97% ] reimport | 129_mon_boss_desert.png
[  97% ] reimport | 128_mon_sandwyrm.png
[  97% ] reimport | 127_mon_mummy.png
[  97% ] reimport | 126_mon_scorp.png
[  97% ] reimport | 125_mon_boss_tomb.png
[  97% ] reimport | 124_mon_plague.png
[  97% ] reimport | 168_buff_bleed.png
[  97% ] reimport | 167_fx_fz_zhudao.png
[  97% ] reimport | 166_fx_fz_jinghua.png
[  97% ] reimport | 165_fx_fz_puzhao.png
[  97% ] reimport | 164_fx_fs_yanmie.png
[  97% ] reimport | 163_fx_fs_midun.png
[  97% ] reimport | 162_fx_fs_shuangren.png
[  98% ] reimport | 161_fx_ck_dunying.png
[  98% ] reimport | 160_fx_ck_duopo.png
[  98% ] reimport | 159_fx_ck_guanjia.png
[  98% ] reimport | 158_fx_zs_zhanhou.png
[  98% ] reimport | 146_fx_ck_qingxie.png
[  98% ] reimport | 147_fx_fs_shuanghuan.png
[  98% ] reimport | NotoSansSC-Bold.otf
[  98% ] reimport | NotoSansSC-Regular.otf
[  98% ] reimport | NotoSerifCJKsc-SemiBold.otf
[  98% ] reimport | ZCOOLXiaoWei-Regular.ttf
[  98% ] reimport | bgm_home.ogg
[  98% ] reimport | bgm_map.ogg
[  98% ] reimport | bgm_route.ogg
[  98% ] reimport | bgm_title.ogg
[  98% ] reimport | bgm_city.ogg
[  99% ] reimport | bgm_battle.ogg
[  99% ] reimport | b_monster_puppet_guard.png
[  99% ] reimport | b_monster_poison_python.png
[  99% ] reimport | b_monster_mud_monster.png
[  99% ] reimport | b_monster_fire_salamander.png
[  99% ] reimport | b_monster_evil_wolf.png
[  99% ] reimport | b_monster_blood_bat.png
[  99% ] reimport | b_monster_black_wind_chief.png
[  99% ] reimport | b_bandit.png
[  99% ] reimport | h3_map_deco_atlas.png
[  99% ] reimport | h2_grass_tileset.png
[  99% ] reimport | h1_grass_map_anchor.png
[  99% ] reimport | 045_deco_desert_sandstone.png
[  99% ] reimport | 正在结束资产导入……
[ DONE ] reimport

[   0% ] reimport | Started 正在导入或重新导入资产 (1470 steps)
[   0% ] reimport | 正在执行重新导入的后置操作……
[ DONE ] reimport

[   0% ] loading_editor_layout | Started 正在加载编辑器 (5 steps)
[   0% ] loading_editor_layout | 正在加载编辑器布局……
[  16% ] loading_editor_layout | 正在加载停靠面板……
[ DONE ] loading_editor_layout

ERROR: Cannot save file 'C:/Users/tsz/AppData/Roaming/Godot/editor_settings-4.7.tres'.
   at: save (scene/resources/resource_format_text.cpp:1768)
ERROR: Error saving editor settings to C:/Users/tsz/AppData/Roaming/Godot/editor_settings-4.7.tres
   at: save (editor/settings/editor_settings.cpp:1525)
